YEAR,MO,DY,WS10M
2010,3,1,2.8
2010,3,2,2.88
2010,3,3,2.76
2010,3,4,2.88
2010,3,5,3.1
2010,3,6,4.7
2010,3,7,5.79
2010,3,8,2.95
2010,3,9,1.88
2010,3,10,3.74
2010,3,11,5.42
2010,3,12,4.92
2010,3,13,4.49
2010,3,14,2.35
2010,3,15,2.05
2010,3,16,1.16
2010,3,17,2.59
2010,3,18,4.33
2010,3,19,3.45
2010,3,20,2.47
2010,3,21,2.41
2010,3,22,3.66
2010,3,23,3.61
2010,3,24,3.92
2010,3,25,2.91
2010,3,26,2.91
2010,3,27,3.19
2010,3,28,1.73
2010,3,29,2.69
2010,3,30,3.77
2010,3,31,4.55
2010,4,1,4.88
2010,4,2,4.55
2010,4,3,2.52
2010,4,4,2.23
2010,4,5,2.73
2010,4,6,1.83
2010,4,7,2.35
2010,4,8,2.77
2010,4,9,1.68
2010,4,10,2.8
2010,4,11,3.33
2010,4,12,3.34
2010,4,13,4.63
2010,4,14,4.3
2010,4,15,3.73
2010,4,16,2.19
2010,4,17,1.79
2010,4,18,2.34
2010,4,19,3.8
2010,4,20,4.05
2010,4,21,4.7
2010,4,22,4.58
2010,4,23,3.56
2010,4,24,2.95
2010,4,25,2.91
2010,4,26,2.41
2010,4,27,1.84
2010,4,28,2.05
2010,4,29,2.53
2010,4,30,2.65
2010,5,1,2.1
2010,5,2,2.33
2010,5,3,2.55
2010,5,4,3.23
2010,5,5,4.2
2010,5,6,4.16
2010,5,7,3.98
2010,5,8,4.03
2010,5,9,3.34
2010,5,10,2.4
2010,5,11,3.37
2010,5,12,3.65
2010,5,13,4.66
2010,5,14,5.96
2010,5,15,4.52
2010,5,16,5.3
2010,5,17,5.52
2010,5,18,5.56
2010,5,19,6.75
2010,5,20,7.17
2010,5,21,6.81
2010,5,22,5.32
2010,5,23,4.2
2010,5,24,5.74
2010,5,25,5.6
2010,5,26,5.88
2010,5,27,5.17
2010,5,28,5.26
2010,5,29,5.98
2010,5,30,6.05
2010,5,31,5.95
2010,6,1,5.34
2010,6,2,5.58
2010,6,3,4.59
2010,6,4,4.43
2010,6,5,6.6
2010,6,6,5.97
2010,6,7,6.91
2010,6,8,6.49
2010,6,9,8.23
2010,6,10,7.87
2010,6,11,9.41
2010,6,12,7.89
2010,6,13,7.87
2010,6,14,5.61
2010,6,15,3.94
2010,6,16,2.7
2010,6,17,3.07
2010,6,18,2.69
2010,6,19,3.66
2010,6,20,3.86
2010,6,21,3.8
2010,6,22,4.73
2010,6,23,6.66
2010,6,24,6.89
2010,6,25,6.82
2010,6,26,5.82
2010,6,27,4.95
2010,6,28,5.52
2010,6,29,5.57
2010,6,30,6.06
2010,7,1,5.55
2010,7,2,4.81
2010,7,3,5.23
2010,7,4,4.48
2010,7,5,6.02
2010,7,6,5.38
2010,7,7,4.77
2010,7,8,5.16
2010,7,9,4.95
2010,7,10,2.95
2010,7,11,2.56
2010,7,12,3.22
2010,7,13,4.11
2010,7,14,5.63
2010,7,15,6.45
2010,7,16,7.55
2010,7,17,6.62
2010,7,18,6.84
2010,7,19,7.62
2010,7,20,5.73
2010,7,21,5.86
2010,7,22,5.86
2010,7,23,5.42
2010,7,24,6.08
2010,7,25,4.92
2010,7,26,4.98
2010,7,27,5.55
2010,7,28,6.55
2010,7,29,7.1
2010,7,30,5.95
2010,7,31,4.75
2010,8,1,4.35
2010,8,2,4.84
2010,8,3,5.09
2010,8,4,4.64
2010,8,5,4.42
2010,8,6,5.66
2010,8,7,4.47
2010,8,8,5.41
2010,8,9,5.56
2010,8,10,6.19
2010,8,11,6.63
2010,8,12,6.49
2010,8,13,6.9
2010,8,14,6.48
2010,8,15,7.14
2010,8,16,7.16
2010,8,17,7.65
2010,8,18,5.82
2010,8,19,5.67
2010,8,20,5.06
2010,8,21,4.45
2010,8,22,5.95
2010,8,23,6.75
2010,8,24,7.55
2010,8,25,6.45
2010,8,26,6.61
2010,8,27,5.38
2010,8,28,4.43
2010,8,29,5.51
2010,8,30,5.91
2010,8,31,4.47
2010,9,1,4.27
2010,9,2,5.47
2010,9,3,5.57
2010,9,4,4.13
2010,9,5,3.46
2010,9,6,4.07
2010,9,7,4.9
2010,9,8,4.76
2010,9,9,3.88
2010,9,10,4.91
2010,9,11,4.49
2010,9,12,4.77
2010,9,13,5.45
2010,9,14,4.23
2010,9,15,4.98
2010,9,16,5.59
2010,9,17,5.24
2010,9,18,5.95
2010,9,19,5.57
2010,9,20,4.62
2010,9,21,3.78
2010,9,22,4.12
2010,9,23,2.73
2010,9,24,4.32
2010,9,25,3.2
2010,9,26,2.2
2010,9,27,3.18
2010,9,28,3.5
2010,9,29,1.8
2010,9,30,1.95
2010,10,1,1.86
2010,10,2,2.61
2010,10,3,2.84
2010,10,4,3.92
2010,10,5,5.94
2010,10,6,6.95
2010,10,7,6.6
2010,10,8,5.43
2010,10,9,6.4
2010,10,10,4.72
2010,10,11,4.48
2010,10,12,4.22
2010,10,13,4.28
2010,10,14,5.05
2010,10,15,6.43
2010,10,16,6.41
2010,10,17,5.89
2010,10,18,5.42
2010,10,19,5.05
2010,10,20,4.41
2010,10,21,4.83
2010,10,22,5.66
2010,10,23,4.84
2010,10,24,4.52
2010,10,25,4.32
2010,10,26,3.93
2010,10,27,4.11
2010,10,28,3.34
2010,10,29,2.68
2010,10,30,2.73
2010,10,31,3.58
2010,11,1,4.16
2010,11,2,3.62
2010,11,3,3.16
2010,11,4,2.88
2010,11,5,3.33
2010,11,6,3.9
2010,11,7,5.52
2010,11,8,5.03
2010,11,9,3.31
2010,11,10,3.16
2010,11,11,4.05
2010,11,12,3.55
2010,11,13,2.55
2010,11,14,1.94
2010,11,15,2.49
2010,11,16,3.02
2010,11,17,2.59
2010,11,18,2.44
2010,11,19,2.01
2010,11,20,1.91
2010,11,21,2.8
2010,11,22,1.88
2010,11,23,2.35
2010,11,24,2.15
2010,11,25,2.82
2010,11,26,2.67
2010,11,27,1.73
2010,11,28,1.7
2010,11,29,3.95
2010,11,30,3.24
2010,12,1,2.49
2010,12,2,1.98
2010,12,3,2.46
2010,12,4,3.1
2010,12,5,3.43
2010,12,6,3.12
2010,12,7,2.66
2010,12,8,4.44
2010,12,9,5.55
2010,12,10,4.38
2010,12,11,3.95
2010,12,12,5.06
2010,12,13,3.77
2010,12,14,3.05
2010,12,15,1.89
2010,12,16,2.39
2010,12,17,2.37
2010,12,18,1.48
2010,12,19,5.42
2010,12,20,4.06
2010,12,21,4.02
2010,12,22,3.77
2010,12,23,2.54
2010,12,24,2.73
2010,12,25,1.75
2010,12,26,2.7
2010,12,27,3.31
2010,12,28,3.53
2010,12,29,3.19
2010,12,30,3.7
2010,12,31,2.37
2011,1,1,1.34
2011,1,2,2.48
2011,1,3,2.41
2011,1,4,2.67
2011,1,5,4.52
2011,1,6,3.32
2011,1,7,2.82
2011,1,8,1.77
2011,1,9,1.82
2011,1,10,1.68
2011,1,11,1.36
2011,1,12,2.36
2011,1,13,3.2
2011,1,14,3.66
2011,1,15,3.85
2011,1,16,3.84
2011,1,17,3.21
2011,1,18,3.75
2011,1,19,4.08
2011,1,20,3.8
2011,1,21,4.24
2011,1,22,4.85
2011,1,23,5.34
2011,1,24,5.12
2011,1,25,4.6
2011,1,26,5.18
2011,1,27,5.7
2011,1,28,4.64
2011,1,29,4.55
2011,1,30,5.14
2011,1,31,4.95
2011,2,1,3.3
2011,2,2,4.14
2011,2,3,3.77
2011,2,4,3.16
2011,2,5,2.95
2011,2,6,2.94
2011,2,7,3.05
2011,2,8,2.66
2011,2,9,2.08
2011,2,10,2.53
2011,2,11,3.16
2011,2,12,3.48
2011,2,13,3.11
2011,2,14,2.87
2011,2,15,2.55
2011,2,16,2.52
2011,2,17,2.5
2011,2,18,3.41
2011,2,19,3.23
2011,2,20,2.76
2011,2,21,2.49
2011,2,22,2.18
2011,2,23,2.55
2011,2,24,2.37
2011,2,25,2.1
2011,2,26,2.02
2011,2,27,2.17
2011,2,28,2.99
2011,3,1,3.4
2011,3,2,3.27
2011,3,3,2.84
2011,3,4,2.52
2011,3,5,1.8
2011,3,6,2.29
2011,3,7,2.05
2011,3,8,2.23
2011,3,9,1.63
2011,3,10,1.68
2011,3,11,2.05
2011,3,12,1.96
2011,3,13,2.52
2011,3,14,2.8
2011,3,15,2.22
2011,3,16,2.1
2011,3,17,2.98
2011,3,18,3.29
2011,3,19,2.45
2011,3,20,2.41
2011,3,21,3.26
2011,3,22,4.42
2011,3,23,3.64
2011,3,24,4.17
2011,3,25,4.72
2011,3,26,4.21
2011,3,27,3.51
2011,3,28,3.87
2011,3,29,3.53
2011,3,30,3.02
2011,3,31,2.9
2011,4,1,4.1
2011,4,2,4.02
2011,4,3,4.3
2011,4,4,4.28
2011,4,5,4.17
2011,4,6,2.69
2011,4,7,1.98
2011,4,8,2.5
2011,4,9,2.89
2011,4,10,1.83
2011,4,11,2.08
2011,4,12,1.69
2011,4,13,1.96
2011,4,14,3.62
2011,4,15,3.69
2011,4,16,1.85
2011,4,17,1.84
2011,4,18,2.77
2011,4,19,2.95
2011,4,20,2.39
2011,4,21,2.95
2011,4,22,3.48
2011,4,23,4.33
2011,4,24,2.65
2011,4,25,4.54
2011,4,26,5.06
2011,4,27,3.8
2011,4,28,5.14
2011,4,29,4.93
2011,4,30,4.31
2011,5,1,4.48
2011,5,2,4.62
2011,5,3,4.91
2011,5,4,6.3
2011,5,5,5.84
2011,5,6,6
2011,5,7,6.31
2011,5,8,6.31
2011,5,9,5.42
2011,5,10,4.48
2011,5,11,4.38
2011,5,12,4.31
2011,5,13,4.62
2011,5,14,4.34
2011,5,15,4.25
2011,5,16,2.91
2011,5,17,2.94
2011,5,18,3.31
2011,5,19,3.69
2011,5,20,3.59
2011,5,21,4.16
2011,5,22,3.55
2011,5,23,4.88
2011,5,24,5.77
2011,5,25,5.98
2011,5,26,5.95
2011,5,27,5.52
2011,5,28,5.7
2011,5,29,7.05
2011,5,30,8
2011,5,31,7.51
2011,6,1,7.74
2011,6,2,7.36
2011,6,3,6.41
2011,6,4,5.13
2011,6,5,4.94
2011,6,6,4.96
2011,6,7,4.46
2011,6,8,4.59
2011,6,9,4.97
2011,6,10,5.11
2011,6,11,4.86
2011,6,12,4.41
2011,6,13,4.37
2011,6,14,6.48
2011,6,15,4.88
2011,6,16,5.03
2011,6,17,5.52
2011,6,18,5.48
2011,6,19,6.66
2011,6,20,5.9
2011,6,21,5.7
2011,6,22,6.14
2011,6,23,6.23
2011,6,24,6.51
2011,6,25,6.37
2011,6,26,6.17
2011,6,27,6.68
2011,6,28,5.69
2011,6,29,5.03
2011,6,30,5.48
2011,7,1,5.3
2011,7,2,5.23
2011,7,3,4.06
2011,7,4,5.62
2011,7,5,6.2
2011,7,6,6.08
2011,7,7,4.9
2011,7,8,5.56
2011,7,9,4.8
2011,7,10,5.18
2011,7,11,7.49
2011,7,12,6.95
2011,7,13,5.85
2011,7,14,5.59
2011,7,15,5.25
2011,7,16,5.39
2011,7,17,4.74
2011,7,18,5.66
2011,7,19,5.87
2011,7,20,5.73
2011,7,21,4.05
2011,7,22,4.73
2011,7,23,4.61
2011,7,24,5.1
2011,7,25,5.31
2011,7,26,5.31
2011,7,27,5.04
2011,7,28,5.02
2011,7,29,4.89
2011,7,30,4.18
2011,7,31,5.19
2011,8,1,5.38
2011,8,2,5.27
2011,8,3,4.41
2011,8,4,4.05
2011,8,5,5.88
2011,8,6,6.55
2011,8,7,6.57
2011,8,8,5.1
2011,8,9,5.16
2011,8,10,5.81
2011,8,11,6.24
2011,8,12,5.91
2011,8,13,5.3
2011,8,14,4.4
2011,8,15,4.45
2011,8,16,5.13
2011,8,17,5.48
2011,8,18,6.46
2011,8,19,6.12
2011,8,20,6.58
2011,8,21,6.6
2011,8,22,6.21
2011,8,23,5.64
2011,8,24,4.96
2011,8,25,5.02
2011,8,26,4.67
2011,8,27,5.89
2011,8,28,5.61
2011,8,29,5.43
2011,8,30,5.38
2011,8,31,5.84
2011,9,1,5.93
2011,9,2,5.28
2011,9,3,5.05
2011,9,4,4.12
2011,9,5,4.7
2011,9,6,4.2
2011,9,7,4.33
2011,9,8,4.44
2011,9,9,5.08
2011,9,10,6.42
2011,9,11,6.64
2011,9,12,6.73
2011,9,13,7.34
2011,9,14,6.77
2011,9,15,6.52
2011,9,16,5.23
2011,9,17,4.34
2011,9,18,3.94
2011,9,19,4.22
2011,9,20,4.95
2011,9,21,5.14
2011,9,22,4.86
2011,9,23,4.72
2011,9,24,4.81
2011,9,25,4.05
2011,9,26,4.19
2011,9,27,5.55
2011,9,28,5.55
2011,9,29,5.76
2011,9,30,4.95
2011,10,1,3.78
2011,10,2,4.27
2011,10,3,5.01
2011,10,4,5.3
2011,10,5,4.3
2011,10,6,4.74
2011,10,7,4.39
2011,10,8,4.66
2011,10,9,4.82
2011,10,10,4.57
2011,10,11,4.1
2011,10,12,4.31
2011,10,13,3.5
2011,10,14,2.59
2011,10,15,3.09
2011,10,16,3.6
2011,10,17,2.52
2011,10,18,1.93
2011,10,19,2.53
2011,10,20,2.41
2011,10,21,1.66
2011,10,22,2.24
2011,10,23,2.29
2011,10,24,2.74
2011,10,25,3.59
2011,10,26,5.19
2011,10,27,1.86
2011,10,28,3.16
2011,10,29,3.82
2011,10,30,3.81
2011,10,31,4.35
2011,11,1,5.3
2011,11,2,2.92
2011,11,3,1.73
2011,11,4,2.47
2011,11,5,3.05
2011,11,6,2.03
2011,11,7,3.01
2011,11,8,3.8
2011,11,9,3.85
2011,11,10,2.79
2011,11,11,2.39
2011,11,12,1.66
2011,11,13,1.29
2011,11,14,2.65
2011,11,15,3.88
2011,11,16,2.77
2011,11,17,2.81
2011,11,18,4.19
2011,11,19,5.45
2011,11,20,5.95
2011,11,21,5.62
2011,11,22,6.31
2011,11,23,5.76
2011,11,24,4.88
2011,11,25,6.86
2011,11,26,9.71
2011,11,27,5.16
2011,11,28,2.94
2011,11,29,0.92
2011,11,30,1.85
2011,12,1,2.65
2011,12,2,2.41
2011,12,3,1.75
2011,12,4,1.96
2011,12,5,1.73
2011,12,6,3.94
2011,12,7,4.3
2011,12,8,4.45
2011,12,9,3.83
2011,12,10,3.2
2011,12,11,3.8
2011,12,12,3.93
2011,12,13,4.01
2011,12,14,3.77
2011,12,15,4.05
2011,12,16,5.52
2011,12,17,4.59
2011,12,18,5.78
2011,12,19,4.3
2011,12,20,4.99
2011,12,21,4.85
2011,12,22,4.49
2011,12,23,3.77
2011,12,24,2.52
2011,12,25,3.23
2011,12,26,2.83
2011,12,27,2.16
2011,12,28,3.67
2011,12,29,4.77
2011,12,30,5.19
2011,12,31,4.07
2012,1,1,3.96
2012,1,2,3.3
2012,1,3,3.09
2012,1,4,2.77
2012,1,5,4.09
2012,1,6,4.54
2012,1,7,4.66
2012,1,8,4.55
2012,1,9,2.81
2012,1,10,2.09
2012,1,11,1.8
2012,1,12,3.16
2012,1,13,4.23
2012,1,14,4.36
2012,1,15,4.64
2012,1,16,4.09
2012,1,17,3.02
2012,1,18,2.37
2012,1,19,1.38
2012,1,20,1.39
2012,1,21,2.27
2012,1,22,3.66
2012,1,23,4.41
2012,1,24,3.55
2012,1,25,3.24
2012,1,26,3.1
2012,1,27,2.88
2012,1,28,2.24
2012,1,29,2.76
2012,1,30,3.5
2012,1,31,4.6
2012,2,1,5.3
2012,2,2,5.79
2012,2,3,5.64
2012,2,4,3.62
2012,2,5,3.08
2012,2,6,2.97
2012,2,7,3.35
2012,2,8,4.16
2012,2,9,3.02
2012,2,10,3.65
2012,2,11,2.95
2012,2,12,3.64
2012,2,13,3.36
2012,2,14,3.08
2012,2,15,1.74
2012,2,16,1.81
2012,2,17,1.91
2012,2,18,4.55
2012,2,19,4.13
2012,2,20,3.25
2012,2,21,2.77
2012,2,22,3.11
2012,2,23,3.4
2012,2,24,4.84
2012,2,25,4.73
2012,2,26,2.99
2012,2,27,3.67
2012,2,28,2.33
2012,2,29,2.52
2012,3,1,1.93
2012,3,2,2.17
2012,3,3,3.69
2012,3,4,4.16
2012,3,5,2.74
2012,3,6,3.41
2012,3,7,4.51
2012,3,8,6.04
2012,3,9,6.03
2012,3,10,5.31
2012,3,11,2.19
2012,3,12,2.36
2012,3,13,2.55
2012,3,14,3.66
2012,3,15,2.8
2012,3,16,2.06
2012,3,17,2.17
2012,3,18,2.07
2012,3,19,3.03
2012,3,20,3.02
2012,3,21,3.16
2012,3,22,3.71
2012,3,23,2.85
2012,3,24,2.09
2012,3,25,2.35
2012,3,26,2.11
2012,3,27,2.3
2012,3,28,2.07
2012,3,29,2.21
2012,3,30,4.47
2012,3,31,4.71
2012,4,1,1.62
2012,4,2,1.32
2012,4,3,2
2012,4,4,2.73
2012,4,5,4.21
2012,4,6,4.75
2012,4,7,3.67
2012,4,8,2.77
2012,4,9,2.69
2012,4,10,2.83
2012,4,11,2.76
2012,4,12,3.74
2012,4,13,2.77
2012,4,14,1.62
2012,4,15,1.67
2012,4,16,2.22
2012,4,17,4.33
2012,4,18,4.62
2012,4,19,4.07
2012,4,20,3.09
2012,4,21,5.06
2012,4,22,4.74
2012,4,23,4.38
2012,4,24,3.84
2012,4,25,5.01
2012,4,26,4.71
2012,4,27,4.61
2012,4,28,4.23
2012,4,29,4.26
2012,4,30,4.77
2012,5,1,4.52
2012,5,2,4.66
2012,5,3,5
2012,5,4,5.12
2012,5,5,6.24
2012,5,6,5.77
2012,5,7,5.53
2012,5,8,4.98
2012,5,9,4.91
2012,5,10,4.72
2012,5,11,5.09
2012,5,12,5.26
2012,5,13,4.91
2012,5,14,4.39
2012,5,15,4.7
2012,5,16,4.55
2012,5,17,5
2012,5,18,4.76
2012,5,19,5.1
2012,5,20,4.76
2012,5,21,5.35
2012,5,22,6.03
2012,5,23,4.55
2012,5,24,5.48
2012,5,25,5.01
2012,5,26,4.55
2012,5,27,5.91
2012,5,28,6.27
2012,5,29,5.75
2012,5,30,6.26
2012,5,31,6.05
2012,6,1,5.81
2012,6,2,5.72
2012,6,3,6.19
2012,6,4,7.12
2012,6,5,6.66
2012,6,6,5.9
2012,6,7,6.49
2012,6,8,5.85
2012,6,9,6.5
2012,6,10,6.75
2012,6,11,6.3
2012,6,12,5.56
2012,6,13,5.49
2012,6,14,5.37
2012,6,15,6.01
2012,6,16,6.59
2012,6,17,6.63
2012,6,18,5.53
2012,6,19,5.75
2012,6,20,6.3
2012,6,21,5.61
2012,6,22,5.47
2012,6,23,5.84
2012,6,24,5.3
2012,6,25,4.73
2012,6,26,4.78
2012,6,27,5.23
2012,6,28,5.84
2012,6,29,5.54
2012,6,30,5.77
2012,7,1,6.54
2012,7,2,6.92
2012,7,3,6.54
2012,7,4,5.95
2012,7,5,5.45
2012,7,6,5.17
2012,7,7,5.85
2012,7,8,5.88
2012,7,9,7.93
2012,7,10,6.95
2012,7,11,7.34
2012,7,12,6.97
2012,7,13,7.27
2012,7,14,6.66
2012,7,15,5.42
2012,7,16,4.58
2012,7,17,4.89
2012,7,18,5.28
2012,7,19,5.38
2012,7,20,6.16
2012,7,21,6.71
2012,7,22,7.55
2012,7,23,7.02
2012,7,24,6.62
2012,7,25,6.49
2012,7,26,6.68
2012,7,27,6.21
2012,7,28,5.43
2012,7,29,4.82
2012,7,30,4.32
2012,7,31,4.62
2012,8,1,4.46
2012,8,2,4.93
2012,8,3,5.48
2012,8,4,5.45
2012,8,5,5.32
2012,8,6,5.2
2012,8,7,4.15
2012,8,8,4.8
2012,8,9,5.11
2012,8,10,4.86
2012,8,11,5.6
2012,8,12,5.62
2012,8,13,5.31
2012,8,14,5.11
2012,8,15,5.46
2012,8,16,5.33
2012,8,17,6.49
2012,8,18,7.19
2012,8,19,5.81
2012,8,20,5.19
2012,8,21,4.62
2012,8,22,4.08
2012,8,23,3.48
2012,8,24,4.59
2012,8,25,6.16
2012,8,26,6.84
2012,8,27,5.34
2012,8,28,4.77
2012,8,29,5.47
2012,8,30,5.64
2012,8,31,5.06
2012,9,1,4.34
2012,9,2,4.98
2012,9,3,5.78
2012,9,4,5.46
2012,9,5,3.98
2012,9,6,4.46
2012,9,7,5.04
2012,9,8,5.2
2012,9,9,5.57
2012,9,10,5.55
2012,9,11,4.98
2012,9,12,4.2
2012,9,13,4.83
2012,9,14,5.62
2012,9,15,5.95
2012,9,16,5.86
2012,9,17,5.51
2012,9,18,5.36
2012,9,19,3.98
2012,9,20,3.98
2012,9,21,2.92
2012,9,22,3.34
2012,9,23,3.79
2012,9,24,4.88
2012,9,25,5.2
2012,9,26,5.38
2012,9,27,5.52
2012,9,28,5.38
2012,9,29,4.95
2012,9,30,5.66
2012,10,1,4.75
2012,10,2,4.54
2012,10,3,4.13
2012,10,4,3.87
2012,10,5,3.91
2012,10,6,3.29
2012,10,7,3.96
2012,10,8,4.01
2012,10,9,4.4
2012,10,10,4.18
2012,10,11,3.89
2012,10,12,3.35
2012,10,13,2.8
2012,10,14,3.58
2012,10,15,3.12
2012,10,16,3.34
2012,10,17,2.18
2012,10,18,1.71
2012,10,19,2.41
2012,10,20,3.3
2012,10,21,2.47
2012,10,22,2.95
2012,10,23,3.75
2012,10,24,3.61
2012,10,25,3.66
2012,10,26,3.35
2012,10,27,3.27
2012,10,28,2.88
2012,10,29,2.51
2012,10,30,1.24
2012,10,31,4.05
2012,11,1,7.12
2012,11,2,3.9
2012,11,3,3.14
2012,11,4,3.7
2012,11,5,3.41
2012,11,6,2.16
2012,11,7,1.65
2012,11,8,1.81
2012,11,9,2.02
2012,11,10,2.27
2012,11,11,2.75
2012,11,12,2.15
2012,11,13,2.44
2012,11,14,1.62
2012,11,15,2.02
2012,11,16,2.31
2012,11,17,2.72
2012,11,18,2.26
2012,11,19,1.5
2012,11,20,1.43
2012,11,21,1.8
2012,11,22,2.62
2012,11,23,3.21
2012,11,24,1.95
2012,11,25,4.23
2012,11,26,4.2
2012,11,27,4.6
2012,11,28,3.45
2012,11,29,3.79
2012,11,30,2.85
2012,12,1,2.7
2012,12,2,3.04
2012,12,3,2.98
2012,12,4,3.24
2012,12,5,5.13
2012,12,6,4.85
2012,12,7,6.03
2012,12,8,3.69
2012,12,9,3.34
2012,12,10,3.96
2012,12,11,3.45
2012,12,12,2.39
2012,12,13,2.09
2012,12,14,4.34
2012,12,15,4.91
2012,12,16,5.81
2012,12,17,5.73
2012,12,18,6.74
2012,12,19,5.87
2012,12,20,7.1
2012,12,21,5.72
2012,12,22,4.43
2012,12,23,6.7
2012,12,24,3.47
2012,12,25,3.91
2012,12,26,3.23
2012,12,27,2.91
2012,12,28,3.2
2012,12,29,3.34
2012,12,30,3.57
2012,12,31,3.77
2013,1,1,3.23
2013,1,2,2.63
2013,1,3,2.07
2013,1,4,1.71
2013,1,5,2.09
2013,1,6,2.12
2013,1,7,2.22
2013,1,8,2.02
2013,1,9,2.05
2013,1,10,2.89
2013,1,11,4.12
2013,1,12,3.27
2013,1,13,3.59
2013,1,14,3.59
2013,1,15,4.27
2013,1,16,4.69
2013,1,17,3.52
2013,1,18,2.85
2013,1,19,3.09
2013,1,20,2.97
2013,1,21,2.93
2013,1,22,3.43
2013,1,23,3.09
2013,1,24,2.88
2013,1,25,2.87
2013,1,26,3.51
2013,1,27,4.3
2013,1,28,3.23
2013,1,29,2.95
2013,1,30,4.24
2013,1,31,5.59
2013,2,1,4.85
2013,2,2,3.88
2013,2,3,3.34
2013,2,4,2.75
2013,2,5,2.46
2013,2,6,2.62
2013,2,7,2.8
2013,2,8,1.67
2013,2,9,2.22
2013,2,10,3.86
2013,2,11,5.12
2013,2,12,5.77
2013,2,13,5.19
2013,2,14,5.69
2013,2,15,4.81
2013,2,16,3.2
2013,2,17,2.68
2013,2,18,2.5
2013,2,19,1.24
2013,2,20,2.53
2013,2,21,3.24
2013,2,22,3.96
2013,2,23,3.29
2013,2,24,3.08
2013,2,25,2.49
2013,2,26,2.43
2013,2,27,1.89
2013,2,28,2.14
2013,3,1,1.99
2013,3,2,2.77
2013,3,3,3.03
2013,3,4,3.01
2013,3,5,5.64
2013,3,6,5.3
2013,3,7,5.85
2013,3,8,2.96
2013,3,9,2.63
2013,3,10,2.42
2013,3,11,2.11
2013,3,12,2.01
2013,3,13,1.63
2013,3,14,1.48
2013,3,15,2.23
2013,3,16,3.3
2013,3,17,3.24
2013,3,18,2.53
2013,3,19,1.62
2013,3,20,1.91
2013,3,21,1.67
2013,3,22,1.72
2013,3,23,1.8
2013,3,24,2.25
2013,3,25,2.41
2013,3,26,2.46
2013,3,27,2.2
2013,3,28,2.37
2013,3,29,3.78
2013,3,30,4.27
2013,3,31,4.03
2013,4,1,3.94
2013,4,2,4.23
2013,4,3,3.31
2013,4,4,4.87
2013,4,5,4.14
2013,4,6,5.52
2013,4,7,5.16
2013,4,8,3.27
2013,4,9,2.56
2013,4,10,2.6
2013,4,11,3.67
2013,4,12,3.09
2013,4,13,3.12
2013,4,14,3.22
2013,4,15,4.51
2013,4,16,5.66
2013,4,17,5.27
2013,4,18,5.54
2013,4,19,5.59
2013,4,20,5.5
2013,4,21,4.27
2013,4,22,2.99
2013,4,23,2.83
2013,4,24,2.91
2013,4,25,2.87
2013,4,26,1.7
2013,4,27,1.84
2013,4,28,3.55
2013,4,29,5.09
2013,4,30,3.3
2013,5,1,2.26
2013,5,2,3.17
2013,5,3,4.62
2013,5,4,5.08
2013,5,5,5.23
2013,5,6,4.77
2013,5,7,4.95
2013,5,8,5.37
2013,5,9,5.38
2013,5,10,5.44
2013,5,11,5.74
2013,5,12,6.97
2013,5,13,6.35
2013,5,14,6.41
2013,5,15,6.9
2013,5,16,5.84
2013,5,17,5.38
2013,5,18,4.23
2013,5,19,3.89
2013,5,20,4.46
2013,5,21,4.29
2013,5,22,5.94
2013,5,23,6.19
2013,5,24,6.67
2013,5,25,7.05
2013,5,26,6.37
2013,5,27,5.62
2013,5,28,6.09
2013,5,29,6.31
2013,5,30,5.84
2013,5,31,6.53
2013,6,1,6.62
2013,6,2,7.84
2013,6,3,7.28
2013,6,4,6.02
2013,6,5,6.18
2013,6,6,6.18
2013,6,7,6.87
2013,6,8,7.41
2013,6,9,5.97
2013,6,10,6.27
2013,6,11,6.77
2013,6,12,6.78
2013,6,13,6.8
2013,6,14,7.42
2013,6,15,7.16
2013,6,16,5.81
2013,6,17,5.24
2013,6,18,5.48
2013,6,19,6.66
2013,6,20,6.14
2013,6,21,6.37
2013,6,22,7.19
2013,6,23,6.78
2013,6,24,6.91
2013,6,25,5.36
2013,6,26,4.58
2013,6,27,4.57
2013,6,28,3.92
2013,6,29,4.4
2013,6,30,4.66
2013,7,1,5.41
2013,7,2,5.81
2013,7,3,5.55
2013,7,4,5.55
2013,7,5,5.37
2013,7,6,6.1
2013,7,7,6.5
2013,7,8,5.93
2013,7,9,6.16
2013,7,10,7
2013,7,11,5.5
2013,7,12,5.77
2013,7,13,5.02
2013,7,14,5.28
2013,7,15,6.29
2013,7,16,5.49
2013,7,17,4.24
2013,7,18,4.88
2013,7,19,5.39
2013,7,20,4.88
2013,7,21,5.42
2013,7,22,5.87
2013,7,23,4.94
2013,7,24,5.46
2013,7,25,4.58
2013,7,26,3.55
2013,7,27,4.29
2013,7,28,5.19
2013,7,29,5.62
2013,7,30,4.19
2013,7,31,4.91
2013,8,1,5.4
2013,8,2,5.97
2013,8,3,5.86
2013,8,4,7.49
2013,8,5,7.15
2013,8,6,6.54
2013,8,7,5.66
2013,8,8,5.87
2013,8,9,5.5
2013,8,10,5.48
2013,8,11,5.38
2013,8,12,5.51
2013,8,13,4.61
2013,8,14,4.59
2013,8,15,4.27
2013,8,16,3.9
2013,8,17,3.46
2013,8,18,4.16
2013,8,19,3.88
2013,8,20,4.7
2013,8,21,4.98
2013,8,22,4.85
2013,8,23,4.95
2013,8,24,4.91
2013,8,25,5.42
2013,8,26,5.7
2013,8,27,5.17
2013,8,28,5.83
2013,8,29,5.45
2013,8,30,4.97
2013,8,31,4.67
2013,9,1,3.38
2013,9,2,2.52
2013,9,3,2.87
2013,9,4,3.66
2013,9,5,3.92
2013,9,6,4.79
2013,9,7,6.07
2013,9,8,6.48
2013,9,9,6.49
2013,9,10,5.84
2013,9,11,5.66
2013,9,12,5.52
2013,9,13,6.53
2013,9,14,6.07
2013,9,15,5.34
2013,9,16,6.15
2013,9,17,7.94
2013,9,18,6.44
2013,9,19,6.39
2013,9,20,6.66
2013,9,21,5.8
2013,9,22,4.89
2013,9,23,4.73
2013,9,24,4.68
2013,9,25,4.29
2013,9,26,4.13
2013,9,27,4.02
2013,9,28,4.59
2013,9,29,4.95
2013,9,30,5.16
2013,10,1,5.68
2013,10,2,5.55
2013,10,3,4.93
2013,10,4,4.2
2013,10,5,4.18
2013,10,6,4.7
2013,10,7,4.19
2013,10,8,4.52
2013,10,9,4.02
2013,10,10,4.13
2013,10,11,5.26
2013,10,12,5.4
2013,10,13,5.48
2013,10,14,5.02
2013,10,15,4.91
2013,10,16,4.76
2013,10,17,4.52
2013,10,18,3
2013,10,19,4.08
2013,10,20,3.95
2013,10,21,4.28
2013,10,22,5.29
2013,10,23,4.89
2013,10,24,3.91
2013,10,25,3.92
2013,10,26,3.3
2013,10,27,3.48
2013,10,28,3.74
2013,10,29,2.8
2013,10,30,2.35
2013,10,31,1.57
2013,11,1,1.59
2013,11,2,2.54
2013,11,3,2.99
2013,11,4,4.66
2013,11,5,3.54
2013,11,6,3.16
2013,11,7,3.09
2013,11,8,2.73
2013,11,9,3.21
2013,11,10,2.38
2013,11,11,2.44
2013,11,12,1.57
2013,11,13,2.04
2013,11,14,0.95
2013,11,15,1.64
2013,11,16,2.71
2013,11,17,1.71
2013,11,18,2.56
2013,11,19,1.94
2013,11,20,2.01
2013,11,21,1.82
2013,11,22,1.43
2013,11,23,1.59
2013,11,24,1.9
2013,11,25,1.79
2013,11,26,1.43
2013,11,27,1.2
2013,11,28,1.53
2013,11,29,2.91
2013,11,30,3.3
2013,12,1,4.36
2013,12,2,4.9
2013,12,3,4.88
2013,12,4,4.58
2013,12,5,2.92
2013,12,6,2.63
2013,12,7,1.59
2013,12,8,1.7
2013,12,9,2.84
2013,12,10,2.51
2013,12,11,4.11
2013,12,12,3.67
2013,12,13,4.05
2013,12,14,2.55
2013,12,15,1.85
2013,12,16,2.7
2013,12,17,4.59
2013,12,18,3.63
2013,12,19,3.08
2013,12,20,3.22
2013,12,21,3.68
2013,12,22,4.94
2013,12,23,5.7
2013,12,24,5.36
2013,12,25,3.53
2013,12,26,4.48
2013,12,27,3.62
2013,12,28,2.83
2013,12,29,3.05
2013,12,30,4.08
2013,12,31,4.42
2014,1,1,4.89
2014,1,2,3.71
2014,1,3,3.41
2014,1,4,3.2
2014,1,5,2.68
2014,1,6,2.02
2014,1,7,3.04
2014,1,8,5.17
2014,1,9,4.35
2014,1,10,3.48
2014,1,11,3.27
2014,1,12,2.4
2014,1,13,3.93
2014,1,14,3.38
2014,1,15,2.99
2014,1,16,3.44
2014,1,17,3.06
2014,1,18,3.96
2014,1,19,3.88
2014,1,20,4.97
2014,1,21,4.38
2014,1,22,4.46
2014,1,23,3.38
2014,1,24,3.31
2014,1,25,4.82
2014,1,26,5.7
2014,1,27,4.71
2014,1,28,3.88
2014,1,29,3.71
2014,1,30,3.07
2014,1,31,2.96
2014,2,1,3.7
2014,2,2,4.91
2014,2,3,4.59
2014,2,4,2.9
2014,2,5,2.28
2014,2,6,2.99
2014,2,7,2.82
2014,2,8,2.89
2014,2,9,2.58
2014,2,10,1.87
2014,2,11,2.41
2014,2,12,1.87
2014,2,13,2.02
2014,2,14,2.13
2014,2,15,2.42
2014,2,16,2.91
2014,2,17,2.38
2014,2,18,2.45
2014,2,19,2.94
2014,2,20,2.39
2014,2,21,2.14
2014,2,22,2.35
2014,2,23,2.51
2014,2,24,4.18
2014,2,25,5.38
2014,2,26,4.24
2014,2,27,2.73
2014,2,28,1.57
2014,3,1,1.73
2014,3,2,1.62
2014,3,3,1.84
2014,3,4,2.89
2014,3,5,1.98
2014,3,6,2.46
2014,3,7,4.18
2014,3,8,4.02
2014,3,9,2.92
2014,3,10,3.16
2014,3,11,5.15
2014,3,12,5.48
2014,3,13,3.8
2014,3,14,4.66
2014,3,15,3.43
2014,3,16,3.55
2014,3,17,3.41
2014,3,18,3.32
2014,3,19,2.97
2014,3,20,2.67
2014,3,21,2.18
2014,3,22,2.59
2014,3,23,2.19
2014,3,24,1.77
2014,3,25,2.8
2014,3,26,2.94
2014,3,27,2.51
2014,3,28,2.08
2014,3,29,2.3
2014,3,30,2.34
2014,3,31,4.45
2014,4,1,4.91
2014,4,2,5.23
2014,4,3,2.56
2014,4,4,1.88
2014,4,5,1.95
2014,4,6,2.77
2014,4,7,3.17
2014,4,8,2.45
2014,4,9,3.84
2014,4,10,3.88
2014,4,11,4.1
2014,4,12,4.64
2014,4,13,3.52
2014,4,14,2.63
2014,4,15,1.93
2014,4,16,2.99
2014,4,17,4.05
2014,4,18,4.84
2014,4,19,4.59
2014,4,20,2.55
2014,4,21,1.88
2014,4,22,1.34
2014,4,23,1.9
2014,4,24,3.26
2014,4,25,4.61
2014,4,26,3.74
2014,4,27,3.36
2014,4,28,3.47
2014,4,29,2.07
2014,4,30,2.1
2014,5,1,1.89
2014,5,2,2.36
2014,5,3,1.9
2014,5,4,2.94
2014,5,5,2.12
2014,5,6,4.87
2014,5,7,9.81
2014,5,8,5.74
2014,5,9,4.65
2014,5,10,3.77
2014,5,11,3.76
2014,5,12,3.99
2014,5,13,3.59
2014,5,14,4.8
2014,5,15,5.92
2014,5,16,5.7
2014,5,17,5.45
2014,5,18,4.65
2014,5,19,3.54
2014,5,20,3.99
2014,5,21,4.24
2014,5,22,4.58
2014,5,23,4.99
2014,5,24,5.16
2014,5,25,4.7
2014,5,26,4.21
2014,5,27,3.33
2014,5,28,3.42
2014,5,29,4.09
2014,5,30,5.08
2014,5,31,5.62
2014,6,1,6.1
2014,6,2,5.62
2014,6,3,4.19
2014,6,4,5.43
2014,6,5,6.36
2014,6,6,7.52
2014,6,7,8.19
2014,6,8,6.77
2014,6,9,6.8
2014,6,10,5.43
2014,6,11,5.33
2014,6,12,5.42
2014,6,13,6.23
2014,6,14,6.36
2014,6,15,5.95
2014,6,16,5.9
2014,6,17,6.62
2014,6,18,6.98
2014,6,19,6.18
2014,6,20,6.49
2014,6,21,7.3
2014,6,22,6.16
2014,6,23,5.8
2014,6,24,6.78
2014,6,25,7.02
2014,6,26,5.61
2014,6,27,4.53
2014,6,28,4.12
2014,6,29,4.7
2014,6,30,5.63
2014,7,1,6.8
2014,7,2,5.73
2014,7,3,6.01
2014,7,4,6.09
2014,7,5,6.8
2014,7,6,5.8
2014,7,7,6.59
2014,7,8,6.05
2014,7,9,5.48
2014,7,10,5.11
2014,7,11,6.04
2014,7,12,6.71
2014,7,13,6.53
2014,7,14,6.02
2014,7,15,5.54
2014,7,16,4.6
2014,7,17,4.55
2014,7,18,4.62
2014,7,19,4.84
2014,7,20,5.31
2014,7,21,5.56
2014,7,22,5.91
2014,7,23,6.52
2014,7,24,5.81
2014,7,25,5.87
2014,7,26,6.16
2014,7,27,6.61
2014,7,28,6.69
2014,7,29,5.89
2014,7,30,6.2
2014,7,31,5.79
2014,8,1,6.01
2014,8,2,5.34
2014,8,3,6.87
2014,8,4,5.78
2014,8,5,6.27
2014,8,6,5.32
2014,8,7,5.63
2014,8,8,5.7
2014,8,9,4.53
2014,8,10,5.68
2014,8,11,5.27
2014,8,12,4.8
2014,8,13,4.93
2014,8,14,5.42
2014,8,15,5.2
2014,8,16,4.72
2014,8,17,4.98
2014,8,18,4.69
2014,8,19,3.73
2014,8,20,4.55
2014,8,21,5.7
2014,8,22,7.62
2014,8,23,6.61
2014,8,24,4.09
2014,8,25,3.63
2014,8,26,4.1
2014,8,27,5.05
2014,8,28,5.88
2014,8,29,5.91
2014,8,30,6.09
2014,8,31,6.59
2014,9,1,5.48
2014,9,2,4.62
2014,9,3,4.29
2014,9,4,3.77
2014,9,5,4.58
2014,9,6,5.04
2014,9,7,5.09
2014,9,8,5.38
2014,9,9,5.27
2014,9,10,5.26
2014,9,11,5.04
2014,9,12,5.14
2014,9,13,5.48
2014,9,14,6.13
2014,9,15,5.76
2014,9,16,5.62
2014,9,17,6.35
2014,9,18,5.59
2014,9,19,5.73
2014,9,20,5.94
2014,9,21,5.55
2014,9,22,5.11
2014,9,23,4.64
2014,9,24,4.53
2014,9,25,3.45
2014,9,26,3.03
2014,9,27,2.07
2014,9,28,2.34
2014,9,29,2.72
2014,9,30,2.12
2014,10,1,1.99
2014,10,2,2.65
2014,10,3,2.34
2014,10,4,3.35
2014,10,5,3.62
2014,10,6,4.23
2014,10,7,4.11
2014,10,8,4.27
2014,10,9,3.79
2014,10,10,4.69
2014,10,11,4.61
2014,10,12,5
2014,10,13,4.34
2014,10,14,3.41
2014,10,15,2.67
2014,10,16,2.06
2014,10,17,1.74
2014,10,18,3.5
2014,10,19,1.33
2014,10,20,2.27
2014,10,21,2.56
2014,10,22,2.2
2014,10,23,2.2
2014,10,24,2
2014,10,25,2.61
2014,10,26,1.66
2014,10,27,1.34
2014,10,28,2.11
2014,10,29,3.84
2014,10,30,2.65
2014,10,31,2.38
2014,11,1,2.16
2014,11,2,1.9
2014,11,3,1.49
2014,11,4,2.48
2014,11,5,3.4
2014,11,6,3.36
2014,11,7,1.81
2014,11,8,2.44
2014,11,9,2.69
2014,11,10,3.37
2014,11,11,1.54
2014,11,12,1.57
2014,11,13,2.34
2014,11,14,3.02
2014,11,15,3.59
2014,11,16,4.05
2014,11,17,5.03
2014,11,18,5.2
2014,11,19,5.56
2014,11,20,4.7
2014,11,21,5.59
2014,11,22,4.39
2014,11,23,4.55
2014,11,24,3.9
2014,11,25,4.61
2014,11,26,3.97
2014,11,27,3.32
2014,11,28,2.3
2014,11,29,2.06
2014,11,30,1.8
2014,12,1,4.12
2014,12,2,3.89
2014,12,3,3.49
2014,12,4,3.73
2014,12,5,4.68
2014,12,6,4.32
2014,12,7,3.47
2014,12,8,3.54
2014,12,9,3.6
2014,12,10,3.58
2014,12,11,4.16
2014,12,12,3.9
2014,12,13,4.26
2014,12,14,3.87
2014,12,15,3.48
2014,12,16,3.52
2014,12,17,5.36
2014,12,18,6.05
2014,12,19,5.46
2014,12,20,5.58
2014,12,21,3.88
2014,12,22,3.95
2014,12,23,3.35
2014,12,24,3.8
2014,12,25,3.48
2014,12,26,3.48
2014,12,27,3.64
2014,12,28,2.74
2014,12,29,2.62
2014,12,30,3.52
2014,12,31,3.53
2015,1,1,3.83
2015,1,2,2.78
2015,1,3,1.96
2015,1,4,1.71
2015,1,5,3.02
2015,1,6,2.59
2015,1,7,2.43
2015,1,8,1.64
2015,1,9,1.62
2015,1,10,3.94
2015,1,11,5.05
2015,1,12,4.04
2015,1,13,4.02
2015,1,14,3.19
2015,1,15,3.11
2015,1,16,3.5
2015,1,17,4.03
2015,1,18,4.05
2015,1,19,4.6
2015,1,20,4.52
2015,1,21,4.93
2015,1,22,3.83
2015,1,23,2.72
2015,1,24,3.63
2015,1,25,4.96
2015,1,26,4.41
2015,1,27,4.83
2015,1,28,4.19
2015,1,29,3.16
2015,1,30,3.38
2015,1,31,5.23
2015,2,1,4
2015,2,2,5.52
2015,2,3,6.13
2015,2,4,6.2
2015,2,5,6.1
2015,2,6,4.23
2015,2,7,3.14
2015,2,8,3.67
2015,2,9,3.41
2015,2,10,4.3
2015,2,11,3.38
2015,2,12,3.3
2015,2,13,2.68
2015,2,14,2.44
2015,2,15,2.51
2015,2,16,3.39
2015,2,17,2.63
2015,2,18,2.21
2015,2,19,2.28
2015,2,20,4.14
2015,2,21,4.31
2015,2,22,4.04
2015,2,23,3.59
2015,2,24,2.95
2015,2,25,2.38
2015,2,26,2.06
2015,2,27,2.8
2015,2,28,2.21
2015,3,1,2.13
2015,3,2,2.62
2015,3,3,3.29
2015,3,4,3.1
2015,3,5,2.19
2015,3,6,2.21
2015,3,7,1.77
2015,3,8,3.32
2015,3,9,2.58
2015,3,10,2.42
2015,3,11,3.41
2015,3,12,3.48
2015,3,13,2.75
2015,3,14,3.89
2015,3,15,3.92
2015,3,16,3.02
2015,3,17,2.55
2015,3,18,1.82
2015,3,19,1.55
2015,3,20,2.15
2015,3,21,3.21
2015,3,22,2.92
2015,3,23,2.05
2015,3,24,2.38
2015,3,25,2.61
2015,3,26,3.14
2015,3,27,2.66
2015,3,28,2.57
2015,3,29,2.63
2015,3,30,2.59
2015,3,31,1.54
2015,4,1,1.77
2015,4,2,2.22
2015,4,3,3.57
2015,4,4,3.77
2015,4,5,2.8
2015,4,6,2.51
2015,4,7,2.66
2015,4,8,2.89
2015,4,9,3.94
2015,4,10,2.12
2015,4,11,1.95
2015,4,12,1.83
2015,4,13,1.59
2015,4,14,2.25
2015,4,15,2.21
2015,4,16,2.14
2015,4,17,3.2
2015,4,18,3.2
2015,4,19,2.15
2015,4,20,2.02
2015,4,21,1.98
2015,4,22,2.12
2015,4,23,3.05
2015,4,24,2.82
2015,4,25,2.17
2015,4,26,2.21
2015,4,27,1.86
2015,4,28,1.49
2015,4,29,1.96
2015,4,30,3.34
2015,5,1,3.26
2015,5,2,3.57
2015,5,3,3.84
2015,5,4,3.13
2015,5,5,2.46
2015,5,6,2.44
2015,5,7,3.36
2015,5,8,3.95
2015,5,9,4.55
2015,5,10,3.01
2015,5,11,2.39
2015,5,12,2.88
2015,5,13,2.31
2015,5,14,2.98
2015,5,15,3.72
2015,5,16,4.53
2015,5,17,4.96
2015,5,18,3.73
2015,5,19,3.81
2015,5,20,3.72
2015,5,21,4.38
2015,5,22,4.32
2015,5,23,5.16
2015,5,24,4.62
2015,5,25,4.76
2015,5,26,5.53
2015,5,27,5.02
2015,5,28,5.18
2015,5,29,4.94
2015,5,30,4.43
2015,5,31,4.14
2015,6,1,4.12
2015,6,2,3.93
2015,6,3,3.74
2015,6,4,3.65
2015,6,5,3.12
2015,6,6,2.44
2015,6,7,3.7
2015,6,8,4.52
2015,6,9,4
2015,6,10,3.95
2015,6,11,4.76
2015,6,12,4.94
2015,6,13,5.04
2015,6,14,4.36
2015,6,15,5.18
2015,6,16,5.38
2015,6,17,5.5
2015,6,18,5.38
2015,6,19,5.98
2015,6,20,6.45
2015,6,21,5.98
2015,6,22,5.46
2015,6,23,5.12
2015,6,24,4.83
2015,6,25,5.61
2015,6,26,6.68
2015,6,27,6.3
2015,6,28,5.52
2015,6,29,5.3
2015,6,30,4.27
2015,7,1,3.83
2015,7,2,4.75
2015,7,3,4.64
2015,7,4,5.59
2015,7,5,6.6
2015,7,6,6.81
2015,7,7,6.08
2015,7,8,5.41
2015,7,9,5.66
2015,7,10,6.13
2015,7,11,5.98
2015,7,12,5.56
2015,7,13,5.71
2015,7,14,6.27
2015,7,15,6.34
2015,7,16,5.61
2015,7,17,6.49
2015,7,18,5.29
2015,7,19,5.7
2015,7,20,4.65
2015,7,21,4.48
2015,7,22,5.53
2015,7,23,4.88
2015,7,24,3.77
2015,7,25,3.77
2015,7,26,3.7
2015,7,27,3.03
2015,7,28,3.82
2015,7,29,3.78
2015,7,30,3.97
2015,7,31,4.43
2015,8,1,5.3
2015,8,2,5.67
2015,8,3,4.83
2015,8,4,4.52
2015,8,5,4.17
2015,8,6,4.33
2015,8,7,5.16
2015,8,8,4.88
2015,8,9,6.38
2015,8,10,5.59
2015,8,11,5.65
2015,8,12,5.84
2015,8,13,5.51
2015,8,14,5.58
2015,8,15,5.45
2015,8,16,5.27
2015,8,17,4.48
2015,8,18,2.58
2015,8,19,3.45
2015,8,20,3.61
2015,8,21,3.64
2015,8,22,4.17
2015,8,23,3.98
2015,8,24,4.8
2015,8,25,5.11
2015,8,26,5.51
2015,8,27,4.73
2015,8,28,4.27
2015,8,29,4.48
2015,8,30,4.32
2015,8,31,4.19
2015,9,1,5.05
2015,9,2,4.98
2015,9,3,4.9
2015,9,4,2.8
2015,9,5,2.17
2015,9,6,3.62
2015,9,7,3.36
2015,9,8,3.05
2015,9,9,3.45
2015,9,10,4.07
2015,9,11,4.88
2015,9,12,4.19
2015,9,13,4.56
2015,9,14,4.82
2015,9,15,5.53
2015,9,16,6.92
2015,9,17,5.03
2015,9,18,4.44
2015,9,19,5.67
2015,9,20,5.61
2015,9,21,3.61
2015,9,22,4.52
2015,9,23,3.45
2015,9,24,2.48
2015,9,25,3.01
2015,9,26,3.82
2015,9,27,5.31
2015,9,28,3.48
2015,9,29,2.45
2015,9,30,2.5
2015,10,1,3.37
2015,10,2,3.98
2015,10,3,3.64
2015,10,4,3.87
2015,10,5,4.99
2015,10,6,3.32
2015,10,7,3.38
2015,10,8,4.95
2015,10,9,4.48
2015,10,10,4.34
2015,10,11,3.42
2015,10,12,2.1
2015,10,13,1.52
2015,10,14,2.24
2015,10,15,1.76
2015,10,16,1.38
2015,10,17,1.44
2015,10,18,1.82
2015,10,19,3.73
2015,10,20,2.52
2015,10,21,2.9
2015,10,22,2.23
2015,10,23,2.34
2015,10,24,1.93
2015,10,25,1.86
2015,10,26,1.38
2015,10,27,2.51
2015,10,28,1.73
2015,10,29,1.2
2015,10,30,1.69
2015,10,31,2.98
2015,11,1,4.09
2015,11,2,3.2
2015,11,3,1.77
2015,11,4,2.83
2015,11,5,3.72
2015,11,6,1.34
2015,11,7,1.46
2015,11,8,2.57
2015,11,9,3.04
2015,11,10,3.41
2015,11,11,2.93
2015,11,12,3.16
2015,11,13,2.89
2015,11,14,1.75
2015,11,15,3.36
2015,11,16,4.01
2015,11,17,3.59
2015,11,18,2.8
2015,11,19,2.47
2015,11,20,2.98
2015,11,21,3.73
2015,11,22,3.66
2015,11,23,3.44
2015,11,24,3.27
2015,11,25,4.29
2015,11,26,3.09
2015,11,27,2.07
2015,11,28,1.65
2015,11,29,3.75
2015,11,30,2.63
2015,12,1,2.1
2015,12,2,3.47
2015,12,3,1.87
2015,12,4,1.79
2015,12,5,3.48
2015,12,6,5.07
2015,12,7,3.33
2015,12,8,3
2015,12,9,3.56
2015,12,10,4.29
2015,12,11,2.49
2015,12,12,3.09
2015,12,13,2.45
2015,12,14,0.91
2015,12,15,1.27
2015,12,16,2.51
2015,12,17,3.37
2015,12,18,2.48
2015,12,19,3.07
2015,12,20,4.84
2015,12,21,4.06
2015,12,22,4.41
2015,12,23,3.91
2015,12,24,3.59
2015,12,25,4.34
2015,12,26,4.77
2015,12,27,5.43
2015,12,28,7.05
2015,12,29,5.41
2015,12,30,5.31
2015,12,31,5.7
2016,1,1,5.27
2016,1,2,4.68
2016,1,3,5.05
2016,1,4,4.23
2016,1,5,3.47
2016,1,6,3.7
2016,1,7,4.25
2016,1,8,3.91
2016,1,9,4.44
2016,1,10,4.84
2016,1,11,4.24
2016,1,12,4
2016,1,13,3.45
2016,1,14,3.66
2016,1,15,3.47
2016,1,16,2.73
2016,1,17,2.41
2016,1,18,2.77
2016,1,19,2.67
2016,1,20,2.64
2016,1,21,2.43
2016,1,22,3.77
2016,1,23,4.05
2016,1,24,3.31
2016,1,25,2.95
2016,1,26,2.62
2016,1,27,2.33
2016,1,28,2.66
2016,1,29,2.7
2016,1,30,3.98
2016,1,31,4.66
2016,2,1,3.77
2016,2,2,4.02
2016,2,3,3.3
2016,2,4,3.91
2016,2,5,3.08
2016,2,6,2.63
2016,2,7,1.51
2016,2,8,2.39
2016,2,9,2.37
2016,2,10,1.9
2016,2,11,1.7
2016,2,12,1.41
2016,2,13,1.84
2016,2,14,2.06
2016,2,15,2.19
2016,2,16,4.01
2016,2,17,3.19
2016,2,18,5.09
2016,2,19,4.38
2016,2,20,2.92
2016,2,21,2.66
2016,2,22,2.83
2016,2,23,2.48
2016,2,24,1.91
2016,2,25,1.85
2016,2,26,3.8
2016,2,27,4.52
2016,2,28,3.62
2016,2,29,3.23
2016,3,1,3.66
2016,3,2,2.87
2016,3,3,3.2
2016,3,4,2.79
2016,3,5,2.05
2016,3,6,2.16
2016,3,7,2.14
2016,3,8,1.9
2016,3,9,2.09
2016,3,10,2.31
2016,3,11,2.09
2016,3,12,2.21
2016,3,13,2.45
2016,3,14,1.88
2016,3,15,3.07
2016,3,16,3.06
2016,3,17,2.47
2016,3,18,2.41
2016,3,19,3.3
2016,3,20,2.66
2016,3,21,2.34
2016,3,22,3.59
2016,3,23,3.45
2016,3,24,1.84
2016,3,25,1.69
2016,3,26,2.24
2016,3,27,2.3
2016,3,28,1.57
2016,3,29,2.55
2016,3,30,2.24
2016,3,31,1.66
2016,4,1,2.02
2016,4,2,2
2016,4,3,3
2016,4,4,2.88
2016,4,5,3.55
2016,4,6,3.34
2016,4,7,2.81
2016,4,8,1.86
2016,4,9,2.69
2016,4,10,2.98
2016,4,11,3.39
2016,4,12,3.23
2016,4,13,4.13
2016,4,14,3.49
2016,4,15,3.06
2016,4,16,2.96
2016,4,17,3.31
2016,4,18,2.82
2016,4,19,2.05
2016,4,20,2.52
2016,4,21,3.58
2016,4,22,5.16
2016,4,23,6.34
2016,4,24,5.25
2016,4,25,4.57
2016,4,26,2.98
2016,4,27,2.22
2016,4,28,1.71
2016,4,29,2.06
2016,4,30,2.18
2016,5,1,2.05
2016,5,2,3.46
2016,5,3,3.77
2016,5,4,3.84
2016,5,5,3.03
2016,5,6,2.8
2016,5,7,3.16
2016,5,8,3.3
2016,5,9,2.24
2016,5,10,2.12
2016,5,11,1.42
2016,5,12,3.09
2016,5,13,3.98
2016,5,14,4.24
2016,5,15,3.77
2016,5,16,5.48
2016,5,17,5.69
2016,5,18,5.2
2016,5,19,4.99
2016,5,20,5.74
2016,5,21,5.07
2016,5,22,5.24
2016,5,23,6.12
2016,5,24,5.95
2016,5,25,6.02
2016,5,26,5.51
2016,5,27,5.82
2016,5,28,5.24
2016,5,29,5.65
2016,5,30,5.92
2016,5,31,5.79
2016,6,1,4.99
2016,6,2,5.03
2016,6,3,5.42
2016,6,4,5.33
2016,6,5,5.64
2016,6,6,4.58
2016,6,7,5.66
2016,6,8,5.96
2016,6,9,4.99
2016,6,10,5.41
2016,6,11,5.78
2016,6,12,6.23
2016,6,13,5.57
2016,6,14,6.12
2016,6,15,6.31
2016,6,16,6.9
2016,6,17,6.23
2016,6,18,5.78
2016,6,19,6.84
2016,6,20,6.15
2016,6,21,5.91
2016,6,22,5.62
2016,6,23,7.31
2016,6,24,6.69
2016,6,25,6.97
2016,6,26,5.62
2016,6,27,5.52
2016,6,28,4.8
2016,6,29,4.76
2016,6,30,5.27
2016,7,1,5.37
2016,7,2,6.27
2016,7,3,5.78
2016,7,4,6.37
2016,7,5,5.23
2016,7,6,5.07
2016,7,7,5.72
2016,7,8,4.59
2016,7,9,5.44
2016,7,10,6.16
2016,7,11,6.25
2016,7,12,5.65
2016,7,13,5.62
2016,7,14,5.18
2016,7,15,5.01
2016,7,16,5.42
2016,7,17,4.3
2016,7,18,5.01
2016,7,19,5.44
2016,7,20,5.78
2016,7,21,6.02
2016,7,22,6.08
2016,7,23,5.38
2016,7,24,6.12
2016,7,25,4.54
2016,7,26,3.86
2016,7,27,4.39
2016,7,28,4.59
2016,7,29,5.1
2016,7,30,4.12
2016,7,31,4.68
2016,8,1,5.19
2016,8,2,5.64
2016,8,3,6.12
2016,8,4,5.78
2016,8,5,5.66
2016,8,6,5.7
2016,8,7,5.76
2016,8,8,5.76
2016,8,9,6.35
2016,8,10,5.88
2016,8,11,5.77
2016,8,12,6.37
2016,8,13,6.02
2016,8,14,5.86
2016,8,15,6.48
2016,8,16,7.32
2016,8,17,6.39
2016,8,18,6.83
2016,8,19,6.12
2016,8,20,5.52
2016,8,21,5.45
2016,8,22,5.81
2016,8,23,5.69
2016,8,24,5.68
2016,8,25,5.62
2016,8,26,6.02
2016,8,27,4.83
2016,8,28,4.95
2016,8,29,5.52
2016,8,30,5.12
2016,8,31,4.77
2016,9,1,4.48
2016,9,2,4.84
2016,9,3,4.49
2016,9,4,4.15
2016,9,5,4.16
2016,9,6,4.69
2016,9,7,5.2
2016,9,8,4.96
2016,9,9,5.47
2016,9,10,6.7
2016,9,11,6.11
2016,9,12,6.13
2016,9,13,6.63
2016,9,14,6.59
2016,9,15,6.19
2016,9,16,5.34
2016,9,17,5.26
2016,9,18,5.44
2016,9,19,6.44
2016,9,20,6.73
2016,9,21,6.42
2016,9,22,6.85
2016,9,23,6.11
2016,9,24,6.7
2016,9,25,6.43
2016,9,26,6.41
2016,9,27,6.31
2016,9,28,5.8
2016,9,29,5.52
2016,9,30,5.32
2016,10,1,4.62
2016,10,2,4.2
2016,10,3,4.38
2016,10,4,5.11
2016,10,5,6.33
2016,10,6,6.56
2016,10,7,6.01
2016,10,8,4.61
2016,10,9,5.45
2016,10,10,6.15
2016,10,11,6.05
2016,10,12,5.34
2016,10,13,4.29
2016,10,14,3.46
2016,10,15,2.32
2016,10,16,1.8
2016,10,17,1.95
2016,10,18,4.13
2016,10,19,4.97
2016,10,20,5.24
2016,10,21,4.68
2016,10,22,4.27
2016,10,23,3.87
2016,10,24,4.08
2016,10,25,4.43
2016,10,26,3.55
2016,10,27,2.77
2016,10,28,3.53
2016,10,29,4.31
2016,10,30,3.34
2016,10,31,3.34
2016,11,1,2.48
2016,11,2,2.33
2016,11,3,1.47
2016,11,4,3.02
2016,11,5,3.68
2016,11,6,4.09
2016,11,7,3.64
2016,11,8,1.97
2016,11,9,1.28
2016,11,10,2
2016,11,11,1.33
2016,11,12,1.46
2016,11,13,1
2016,11,14,2.1
2016,11,15,2.83
2016,11,16,2.06
2016,11,17,3.9
2016,11,18,2.59
2016,11,19,2.55
2016,11,20,1.84
2016,11,21,2.29
2016,11,22,2.01
2016,11,23,2.45
2016,11,24,2.86
2016,11,25,2.58
2016,11,26,1.73
2016,11,27,2.26
2016,11,28,1.48
2016,11,29,2.34
2016,11,30,2.35
2016,12,1,2.93
2016,12,2,3.32
2016,12,3,2.85
2016,12,4,2.8
2016,12,5,2.24
2016,12,6,2.49
2016,12,7,2.89
2016,12,8,1.91
2016,12,9,2.83
2016,12,10,5.19
2016,12,11,5.22
2016,12,12,5.97
2016,12,13,5.1
2016,12,14,2.75
2016,12,15,2.73
2016,12,16,2.3
2016,12,17,2.55
2016,12,18,2.1
2016,12,19,2.89
2016,12,20,3.41
2016,12,21,3.73
2016,12,22,3.22
2016,12,23,2.03
2016,12,24,1.91
2016,12,25,2.27
2016,12,26,2.29
2016,12,27,2.57
2016,12,28,4.86
2016,12,29,5.47
2016,12,30,4.47
2016,12,31,3.3
2017,1,1,2.52
2017,1,2,2.63
2017,1,3,2.88
2017,1,4,1.99
2017,1,5,2.52
2017,1,6,2.57
2017,1,7,2.6
2017,1,8,1.98
2017,1,9,2.62
2017,1,10,1.95
2017,1,11,1.82
2017,1,12,1.86
2017,1,13,1.51
2017,1,14,3.69
2017,1,15,4.81
2017,1,16,3.58
2017,1,17,3.09
2017,1,18,5.06
2017,1,19,3.96
2017,1,20,3.58
2017,1,21,4.21
2017,1,22,5.3
2017,1,23,4.51
2017,1,24,5.34
2017,1,25,5.38
2017,1,26,4.84
2017,1,27,3.1
2017,1,28,3.95
2017,1,29,5.03
2017,1,30,4.09
2017,1,31,3.7
2017,2,1,3.71
2017,2,2,3.59
2017,2,3,3.85
2017,2,4,3.21
2017,2,5,3.06
2017,2,6,2.07
2017,2,7,2.13
2017,2,8,2.35
2017,2,9,2.64
2017,2,10,2.76
2017,2,11,2.33
2017,2,12,4.19
2017,2,13,5.81
2017,2,14,6.77
2017,2,15,7.61
2017,2,16,6.87
2017,2,17,6.1
2017,2,18,3.98
2017,2,19,3.77
2017,2,20,3.45
2017,2,21,3.81
2017,2,22,2.78
2017,2,23,1.77
2017,2,24,2.28
2017,2,25,2.71
2017,2,26,1.95
2017,2,27,3.52
2017,2,28,4.48
2017,3,1,4.42
2017,3,2,5.29
2017,3,3,3.72
2017,3,4,3.15
2017,3,5,2.35
2017,3,6,3.08
2017,3,7,2.99
2017,3,8,2.92
2017,3,9,2.48
2017,3,10,2.6
2017,3,11,3.11
2017,3,12,3.38
2017,3,13,2.95
2017,3,14,2.18
2017,3,15,2.09
2017,3,16,1.95
2017,3,17,2.33
2017,3,18,2.49
2017,3,19,3.3
2017,3,20,3.19
2017,3,21,2.83
2017,3,22,2.04
2017,3,23,1.8
2017,3,24,1.59
2017,3,25,1.69
2017,3,26,2.13
2017,3,27,1.99
2017,3,28,1.77
2017,3,29,2.65
2017,3,30,2.88
2017,3,31,2.02
2017,4,1,2.38
2017,4,2,4.13
2017,4,3,3.66
2017,4,4,3.86
2017,4,5,4.5
2017,4,6,4.43
2017,4,7,4.19
2017,4,8,2.75
2017,4,9,2.52
2017,4,10,3.65
2017,4,11,4.35
2017,4,12,4.17
2017,4,13,4.27
2017,4,14,4.55
2017,4,15,5.16
2017,4,16,4.83
2017,4,17,5.05
2017,4,18,4.56
2017,4,19,4.55
2017,4,20,4.28
2017,4,21,4.59
2017,4,22,5
2017,4,23,5.23
2017,4,24,5.32
2017,4,25,5.44
2017,4,26,4.91
2017,4,27,4.17
2017,4,28,3.8
2017,4,29,4.25
2017,4,30,2.77
2017,5,1,2.12
2017,5,2,2.88
2017,5,3,2.32
2017,5,4,2.2
2017,5,5,2.24
2017,5,6,2.76
2017,5,7,2.84
2017,5,8,3.27
2017,5,9,4.14
2017,5,10,3.85
2017,5,11,3.31
2017,5,12,2.94
2017,5,13,3.88
2017,5,14,4.88
2017,5,15,5.56
2017,5,16,5.17
2017,5,17,6.06
2017,5,18,4.35
2017,5,19,5.34
2017,5,20,6.02
2017,5,21,5.44
2017,5,22,5.79
2017,5,23,4.91
2017,5,24,4.74
2017,5,25,5.59
2017,5,26,5.85
2017,5,27,6.4
2017,5,28,6.86
2017,5,29,6.94
2017,5,30,7.48
2017,5,31,7.13
2017,6,1,7.05
2017,6,2,7.02
2017,6,3,6.59
2017,6,4,7.23
2017,6,5,6.62
2017,6,6,5.41
2017,6,7,5.1
2017,6,8,5.59
2017,6,9,5.68
2017,6,10,6.16
2017,6,11,5.77
2017,6,12,5.42
2017,6,13,4.45
2017,6,14,4.55
2017,6,15,3.91
2017,6,16,4.52
2017,6,17,4.33
2017,6,18,5.09
2017,6,19,4.9
2017,6,20,4.27
2017,6,21,4.1
2017,6,22,4.84
2017,6,23,5.84
2017,6,24,6.66
2017,6,25,5.61
2017,6,26,5.43
2017,6,27,5.61
2017,6,28,5.22
2017,6,29,5.55
2017,6,30,5.12
2017,7,1,5.94
2017,7,2,6.49
2017,7,3,6.66
2017,7,4,5.58
2017,7,5,5.67
2017,7,6,5.41
2017,7,7,6.5
2017,7,8,5.51
2017,7,9,5.41
2017,7,10,5.29
2017,7,11,6.68
2017,7,12,5.32
2017,7,13,5.66
2017,7,14,4.11
2017,7,15,4.62
2017,7,16,5.48
2017,7,17,4.82
2017,7,18,5.02
2017,7,19,4.83
2017,7,20,5.5
2017,7,21,5.01
2017,7,22,5.06
2017,7,23,4.59
2017,7,24,5.53
2017,7,25,4.89
2017,7,26,5.31
2017,7,27,5.14
2017,7,28,5.55
2017,7,29,5.02
2017,7,30,4.45
2017,7,31,4.84
2017,8,1,5.52
2017,8,2,5.49
2017,8,3,5.28
2017,8,4,5.4
2017,8,5,6.01
2017,8,6,5.45
2017,8,7,5.27
2017,8,8,4.5
2017,8,9,4.46
2017,8,10,4.48
2017,8,11,6.06
2017,8,12,4.69
2017,8,13,3.62
2017,8,14,3.57
2017,8,15,3.59
2017,8,16,3.73
2017,8,17,3.95
2017,8,18,4.97
2017,8,19,5.54
2017,8,20,4.9
2017,8,21,4.77
2017,8,22,4.88
2017,8,23,4.66
2017,8,24,5.54
2017,8,25,6.1
2017,8,26,5.22
2017,8,27,5.56
2017,8,28,4.8
2017,8,29,5.16
2017,8,30,4.7
2017,8,31,4.73
2017,9,1,4.11
2017,9,2,4.02
2017,9,3,4.34
2017,9,4,3.85
2017,9,5,4.45
2017,9,6,3.91
2017,9,7,4.42
2017,9,8,5.39
2017,9,9,3.15
2017,9,10,2.73
2017,9,11,3
2017,9,12,3.8
2017,9,13,5.02
2017,9,14,4.87
2017,9,15,3.9
2017,9,16,5.66
2017,9,17,5.64
2017,9,18,4.98
2017,9,19,6.34
2017,9,20,6.64
2017,9,21,6.38
2017,9,22,5.16
2017,9,23,4.36
2017,9,24,4.21
2017,9,25,4.36
2017,9,26,3.94
2017,9,27,4.64
2017,9,28,6.02
2017,9,29,5.49
2017,9,30,4.37
2017,10,1,4.45
2017,10,2,4.48
2017,10,3,4
2017,10,4,4.07
2017,10,5,3.82
2017,10,6,4.62
2017,10,7,4.2
2017,10,8,4.46
2017,10,9,3.9
2017,10,10,3.16
2017,10,11,2.93
2017,10,12,2.73
2017,10,13,3.43
2017,10,14,4.3
2017,10,15,4.11
2017,10,16,5.9
2017,10,17,5.02
2017,10,18,4.47
2017,10,19,4.3
2017,10,20,4.39
2017,10,21,5.25
2017,10,22,4.8
2017,10,23,4.18
2017,10,24,3.81
2017,10,25,2.42
2017,10,26,1.39
2017,10,27,1.9
2017,10,28,2.66
2017,10,29,2.02
2017,10,30,3.48
2017,10,31,1.92
2017,11,1,1.16
2017,11,2,1.87
2017,11,3,1.68
2017,11,4,1.94
2017,11,5,3.48
2017,11,6,3.12
2017,11,7,2.98
2017,11,8,2.88
2017,11,9,2.23
2017,11,10,2.47
2017,11,11,1.7
2017,11,12,2.46
2017,11,13,3.67
2017,11,14,3.82
2017,11,15,4.3
2017,11,16,4.29
2017,11,17,2.77
2017,11,18,1.99
2017,11,19,1.72
2017,11,20,2.06
2017,11,21,1.98
2017,11,22,2.86
2017,11,23,3.33
2017,11,24,2.98
2017,11,25,1.16
2017,11,26,2.05
2017,11,27,2.87
2017,11,28,2.9
2017,11,29,4.17
2017,11,30,8.77
2017,12,1,4.97
2017,12,2,3.2
2017,12,3,2.59
2017,12,4,2.45
2017,12,5,1.39
2017,12,6,2.04
2017,12,7,1.98
2017,12,8,2.42
2017,12,9,2.48
2017,12,10,2.43
2017,12,11,2.3
2017,12,12,2.36
2017,12,13,1.89
2017,12,14,2.22
2017,12,15,3.09
2017,12,16,5.23
2017,12,17,5.66
2017,12,18,5.11
2017,12,19,4.27
2017,12,20,5.56
2017,12,21,5.1
2017,12,22,5.69
2017,12,23,5.02
2017,12,24,4.48
2017,12,25,3.72
2017,12,26,3.77
2017,12,27,4.98
2017,12,28,5.42
2017,12,29,4.59
2017,12,30,3.9
2017,12,31,2.77
2018,1,1,1.73
2018,1,2,1.51
2018,1,3,1.98
2018,1,4,2.92
2018,1,5,3.59
2018,1,6,2.73
2018,1,7,1.77
2018,1,8,3.72
2018,1,9,2.88
2018,1,10,2.76
2018,1,11,3.58
2018,1,12,2.89
2018,1,13,3.86
2018,1,14,4.55
2018,1,15,4.4
2018,1,16,3.2
2018,1,17,3.17
2018,1,18,4.12
2018,1,19,3.77
2018,1,20,3.19
2018,1,21,3.34
2018,1,22,2.92
2018,1,23,2.5
2018,1,24,1.98
2018,1,25,2.38
2018,1,26,2.46
2018,1,27,2.76
2018,1,28,1.98
2018,1,29,2.95
2018,1,30,3.79
2018,1,31,4.3
2018,2,1,3.66
2018,2,2,3.54
2018,2,3,4.1
2018,2,4,3.77
2018,2,5,4.06
2018,2,6,3.55
2018,2,7,2.5
2018,2,8,2.42
2018,2,9,1.8
2018,2,10,2.66
2018,2,11,4.48
2018,2,12,2.84
2018,2,13,3.72
2018,2,14,4.22
2018,2,15,4.46
2018,2,16,4.88
2018,2,17,3.53
2018,2,18,2.71
2018,2,19,3.13
2018,2,20,3.36
2018,2,21,3.59
2018,2,22,3.12
2018,2,23,3.66
2018,2,24,4.65
2018,2,25,3.95
2018,2,26,3.05
2018,2,27,4.91
2018,2,28,3.94
2018,3,1,3.89
2018,3,2,3.7
2018,3,3,3.1
2018,3,4,2.41
2018,3,5,2.35
2018,3,6,2.09
2018,3,7,2.7
2018,3,8,2.43
2018,3,9,2.88
2018,3,10,2.56
2018,3,11,3
2018,3,12,5.3
2018,3,13,4.69
2018,3,14,4.75
2018,3,15,3.15
2018,3,16,2.75
2018,3,17,1.52
2018,3,18,2.22
2018,3,19,1.91
2018,3,20,2.5
2018,3,21,3.12
2018,3,22,4.66
2018,3,23,4.76
2018,3,24,2.36
2018,3,25,3.12
2018,3,26,2.87
2018,3,27,2.21
2018,3,28,2.2
2018,3,29,3.09
2018,3,30,4.45
2018,3,31,4.28
2018,4,1,2.99
2018,4,2,2.15
2018,4,3,2.94
2018,4,4,2.42
2018,4,5,1.95
2018,4,6,1.93
2018,4,7,2.05
2018,4,8,1.98
2018,4,9,2.52
2018,4,10,2.56
2018,4,11,1.55
2018,4,12,1.71
2018,4,13,1.69
2018,4,14,1.85
2018,4,15,3.73
2018,4,16,2.44
2018,4,17,2.47
2018,4,18,2.4
2018,4,19,2.42
2018,4,20,3.5
2018,4,21,2.85
2018,4,22,3.04
2018,4,23,3.78
2018,4,24,3.97
2018,4,25,3.77
2018,4,26,3.21
2018,4,27,2.35
2018,4,28,1.92
2018,4,29,2.42
2018,4,30,3.81
2018,5,1,4.76
2018,5,2,5.01
2018,5,3,4.24
2018,5,4,2.7
2018,5,5,2.73
2018,5,6,3.3
2018,5,7,2.83
2018,5,8,3.57
2018,5,9,2.98
2018,5,10,3
2018,5,11,2.53
2018,5,12,3.67
2018,5,13,3.12
2018,5,14,3.82
2018,5,15,2.69
2018,5,16,2.11
2018,5,17,2.76
2018,5,18,3.12
2018,5,19,3.73
2018,5,20,5.62
2018,5,21,3.88
2018,5,22,4.42
2018,5,23,5.29
2018,5,24,6.23
2018,5,25,9.05
2018,5,26,7.49
2018,5,27,5.84
2018,5,28,8.41
2018,5,29,8.23
2018,5,30,7.03
2018,5,31,4.91
2018,6,1,4.12
2018,6,2,4.89
2018,6,3,4.99
2018,6,4,5.26
2018,6,5,4.63
2018,6,6,4.8
2018,6,7,5.46
2018,6,8,8.02
2018,6,9,8.48
2018,6,10,6.93
2018,6,11,7.17
2018,6,12,6.9
2018,6,13,6.09
2018,6,14,5.65
2018,6,15,4.63
2018,6,16,5.17
2018,6,17,5.57
2018,6,18,4.9
2018,6,19,5.85
2018,6,20,6.48
2018,6,21,5.72
2018,6,22,5.02
2018,6,23,5.36
2018,6,24,5.21
2018,6,25,5.69
2018,6,26,5.3
2018,6,27,4.67
2018,6,28,4.45
2018,6,29,4.88
2018,6,30,4.72
2018,7,1,4.74
2018,7,2,4.81
2018,7,3,4.47
2018,7,4,4.94
2018,7,5,4.96
2018,7,6,5.54
2018,7,7,7.02
2018,7,8,7.13
2018,7,9,6.22
2018,7,10,5.91
2018,7,11,5.66
2018,7,12,4.59
2018,7,13,5.14
2018,7,14,5.22
2018,7,15,5.69
2018,7,16,5.89
2018,7,17,6.2
2018,7,18,5.8
2018,7,19,6.62
2018,7,20,5.16
2018,7,21,5.54
2018,7,22,5.96
2018,7,23,6.06
2018,7,24,5.86
2018,7,25,5.37
2018,7,26,5.8
2018,7,27,5.73
2018,7,28,5.28
2018,7,29,5.3
2018,7,30,4.74
2018,7,31,4.51
2018,8,1,3.95
2018,8,2,4.13
2018,8,3,4.23
2018,8,4,4.45
2018,8,5,5.88
2018,8,6,6.25
2018,8,7,5.59
2018,8,8,5.7
2018,8,9,5.2
2018,8,10,5.87
2018,8,11,6.8
2018,8,12,6.65
2018,8,13,5.1
2018,8,14,7.15
2018,8,15,8.12
2018,8,16,7.3
2018,8,17,7.28
2018,8,18,7.23
2018,8,19,7.86
2018,8,20,6.59
2018,8,21,5.16
2018,8,22,5.09
2018,8,23,5.34
2018,8,24,5.45
2018,8,25,5.3
2018,8,26,5.66
2018,8,27,5.15
2018,8,28,4.99
2018,8,29,5.98
2018,8,30,5.73
2018,8,31,4.77
2018,9,1,3.65
2018,9,2,4.14
2018,9,3,4.77
2018,9,4,5.35
2018,9,5,5.41
2018,9,6,4.99
2018,9,7,5.09
2018,9,8,5.46
2018,9,9,5.38
2018,9,10,4.87
2018,9,11,4.64
2018,9,12,4.89
2018,9,13,5.01
2018,9,14,4.3
2018,9,15,3.47
2018,9,16,3.52
2018,9,17,3.98
2018,9,18,5.29
2018,9,19,5.53
2018,9,20,5.53
2018,9,21,4.76
2018,9,22,3.59
2018,9,23,3.93
2018,9,24,3.61
2018,9,25,3.17
2018,9,26,3.56
2018,9,27,3.06
2018,9,28,2.45
2018,9,29,2.86
2018,9,30,2.73
2018,10,1,2.16
2018,10,2,1.02
2018,10,3,0.89
2018,10,4,2.05
2018,10,5,5.91
2018,10,6,3.47
2018,10,7,1.98
2018,10,8,3.47
2018,10,9,3.82
2018,10,10,4.87
2018,10,11,3.34
2018,10,12,2.69
2018,10,13,3.59
2018,10,14,3.13
2018,10,15,2.12
2018,10,16,2.02
2018,10,17,2.32
2018,10,18,2.03
2018,10,19,1.12
2018,10,20,2.05
2018,10,21,2.73
2018,10,22,2.02
2018,10,23,1.95
2018,10,24,1.77
2018,10,25,2.64
2018,10,26,2.73
2018,10,27,2.31
2018,10,28,2.28
2018,10,29,2.66
2018,10,30,2.52
2018,10,31,2.15
2018,11,1,2.99
2018,11,2,2.12
2018,11,3,2.15
2018,11,4,3.48
2018,11,5,2.4
2018,11,6,3.22
2018,11,7,2.37
2018,11,8,2.18
2018,11,9,2.17
2018,11,10,1.42
2018,11,11,1.96
2018,11,12,2.4
2018,11,13,3.25
2018,11,14,3.31
2018,11,15,2.39
2018,11,16,4.38
2018,11,17,2.68
2018,11,18,2.79
2018,11,19,2.12
2018,11,20,2.41
2018,11,21,3.09
2018,11,22,2.16
2018,11,23,2.43
2018,11,24,1.92
2018,11,25,2.41
2018,11,26,3.82
2018,11,27,4.39
2018,11,28,4.27
2018,11,29,4.46
2018,11,30,4.06
2018,12,1,4.56
2018,12,2,3.95
2018,12,3,3.13
2018,12,4,2.78
2018,12,5,3.3
2018,12,6,2.78
2018,12,7,3.34
2018,12,8,3.8
2018,12,9,3.25
2018,12,10,2.3
2018,12,11,2.09
2018,12,12,2.09
2018,12,13,2.1
2018,12,14,2.1
2018,12,15,1.83
2018,12,16,2.57
2018,12,17,2.74
2018,12,18,2.94
2018,12,19,2.82
2018,12,20,3.2
2018,12,21,2.41
2018,12,22,2.05
2018,12,23,3.72
2018,12,24,3.27
2018,12,25,3
2018,12,26,2.62
2018,12,27,2.23
2018,12,28,1.93
2018,12,29,3.14
2018,12,30,4.45
2018,12,31,4.74
2019,1,1,4.48
2019,1,2,4.88
2019,1,3,4.45
2019,1,4,5.27
2019,1,5,3.06
2019,1,6,3.56
2019,1,7,2.77
2019,1,8,2.8
2019,1,9,3.7
2019,1,10,3.58
2019,1,11,2.65
2019,1,12,3.34
2019,1,13,2.65
2019,1,14,2.83
2019,1,15,3.05
2019,1,16,3.96
2019,1,17,3.59
2019,1,18,3.61
2019,1,19,2.99
2019,1,20,3.71
2019,1,21,3.36
2019,1,22,2.54
2019,1,23,2.05
2019,1,24,2.3
2019,1,25,2.3
2019,1,26,2.29
2019,1,27,1.45
2019,1,28,1.97
2019,1,29,2.68
2019,1,30,3.5
2019,1,31,4.22
2019,2,1,3.22
2019,2,2,2.7
2019,2,3,3.05
2019,2,4,4.78
2019,2,5,3.02
2019,2,6,2.84
2019,2,7,2.82
2019,2,8,2.1
2019,2,9,1.86
2019,2,10,1.55
2019,2,11,4.66
2019,2,12,4.91
2019,2,13,4.56
2019,2,14,3.83
2019,2,15,2.24
2019,2,16,1.88
2019,2,17,2.89
2019,2,18,3.84
2019,2,19,1.73
2019,2,20,4.72
2019,2,21,3.22
2019,2,22,4.52
2019,2,23,3.74
2019,2,24,2.86
2019,2,25,2.82
2019,2,26,3.76
2019,2,27,4.12
2019,2,28,4.25
2019,3,1,2.7
2019,3,2,2.66
2019,3,3,2.42
2019,3,4,2.43
2019,3,5,2.87
2019,3,6,4.93
2019,3,7,3.24
2019,3,8,3.2
2019,3,9,3.49
2019,3,10,1.82
2019,3,11,1.44
2019,3,12,2.55
2019,3,13,2.92
2019,3,14,2.74
2019,3,15,3.48
2019,3,16,2.98
2019,3,17,2.48
2019,3,18,2.09
2019,3,19,2.15
2019,3,20,1.63
2019,3,21,1.95
2019,3,22,2.2
2019,3,23,2.05
2019,3,24,1.97
2019,3,25,3.02
2019,3,26,2.84
2019,3,27,2.79
2019,3,28,2.58
2019,3,29,3.05
2019,3,30,3.03
2019,3,31,3.24
2019,4,1,3.59
2019,4,2,3.12
2019,4,3,2.46
2019,4,4,2.99
2019,4,5,2.42
2019,4,6,3.59
2019,4,7,3.09
2019,4,8,2.6
2019,4,9,3.12
2019,4,10,2.59
2019,4,11,3.17
2019,4,12,3
2019,4,13,2.47
2019,4,14,2.27
2019,4,15,2.6
2019,4,16,2.76
2019,4,17,4.01
2019,4,18,2.5
2019,4,19,2.12
2019,4,20,2.09
2019,4,21,2.45
2019,4,22,3.77
2019,4,23,3.4
2019,4,24,2.22
2019,4,25,2.7
2019,4,26,3.05
2019,4,27,3.2
2019,4,28,3.64
2019,4,29,4.13
2019,4,30,4.95
2019,5,1,5.45
2019,5,2,5.22
2019,5,3,5.41
2019,5,4,5.5
2019,5,5,5.33
2019,5,6,4.38
2019,5,7,5.14
2019,5,8,5.51
2019,5,9,6.55
2019,5,10,4.92
2019,5,11,4.35
2019,5,12,4.52
2019,5,13,4.81
2019,5,14,5.59
2019,5,15,5.19
2019,5,16,4.68
2019,5,17,4.35
2019,5,18,3.73
2019,5,19,3.07
2019,5,20,2.93
2019,5,21,3.35
2019,5,22,3.13
2019,5,23,3.81
2019,5,24,3.66
2019,5,25,4.39
2019,5,26,4.41
2019,5,27,4.76
2019,5,28,4.55
2019,5,29,5.68
2019,5,30,5.61
2019,5,31,3.29
2019,6,1,3.85
2019,6,2,4.28
2019,6,3,5.21
2019,6,4,4.44
2019,6,5,2.79
2019,6,6,5.34
2019,6,7,4.78
2019,6,8,5.11
2019,6,9,5.4
2019,6,10,6.09
2019,6,11,5.75
2019,6,12,5.45
2019,6,13,6.09
2019,6,14,4
2019,6,15,4.1
2019,6,16,4.08
2019,6,17,5.86
2019,6,18,5.67
2019,6,19,6.53
2019,6,20,5.59
2019,6,21,6
2019,6,22,7.39
2019,6,23,4.84
2019,6,24,4.95
2019,6,25,5.16
2019,6,26,5.04
2019,6,27,5.13
2019,6,28,5.68
2019,6,29,5.58
2019,6,30,5.95
2019,7,1,4.93
2019,7,2,5.37
2019,7,3,4.84
2019,7,4,4.27
2019,7,5,4.77
2019,7,6,5.05
2019,7,7,4.39
2019,7,8,3.76
2019,7,9,3.66
2019,7,10,4.06
2019,7,11,4.52
2019,7,12,4.13
2019,7,13,4.11
2019,7,14,4.52
2019,7,15,5.35
2019,7,16,7.31
2019,7,17,8.33
2019,7,18,8.02
2019,7,19,9.69
2019,7,20,6.54
2019,7,21,6.56
2019,7,22,6.13
2019,7,23,5.37
2019,7,24,4.88
2019,7,25,4.28
2019,7,26,3.93
2019,7,27,3.77
2019,7,28,4.06
2019,7,29,3.98
2019,7,30,3.94
2019,7,31,3.8
2019,8,1,4.24
2019,8,2,4.12
2019,8,3,3.74
2019,8,4,5.05
2019,8,5,5.34
2019,8,6,5.16
2019,8,7,6.12
2019,8,8,7.19
2019,8,9,4.81
2019,8,10,5.07
2019,8,11,6.37
2019,8,12,7.5
2019,8,13,6.8
2019,8,14,7.21
2019,8,15,5.91
2019,8,16,5.59
2019,8,17,3.95
2019,8,18,4.66
2019,8,19,4.12
2019,8,20,4.51
2019,8,21,5.46
2019,8,22,5.14
2019,8,23,4.13
2019,8,24,3.72
2019,8,25,4.88
2019,8,26,6.38
2019,8,27,6.38
2019,8,28,5.39
2019,8,29,5.46
2019,8,30,5.7
2019,8,31,4.88
2019,9,1,4.54
2019,9,2,4.86
2019,9,3,4.59
2019,9,4,5.15
2019,9,5,4.88
2019,9,6,5.46
2019,9,7,5.17
2019,9,8,5.4
2019,9,9,5.95
2019,9,10,4.66
2019,9,11,4.45
2019,9,12,3.62
2019,9,13,3.95
2019,9,14,4.02
2019,9,15,3.45
2019,9,16,4.3
2019,9,17,4.52
2019,9,18,4.55
2019,9,19,4.37
2019,9,20,2.83
2019,9,21,3.27
2019,9,22,4.13
2019,9,23,4.73
2019,9,24,4.48
2019,9,25,3.84
2019,9,26,3.28
2019,9,27,1.25
2019,9,28,1.23
2019,9,29,1.71
2019,9,30,2.96
2019,10,1,2.77
2019,10,2,1.86
2019,10,3,3.05
2019,10,4,3.2
2019,10,5,2.8
2019,10,6,2.39
2019,10,7,3.36
2019,10,8,3.66
2019,10,9,3.48
2019,10,10,2.51
2019,10,11,1.96
2019,10,12,2.27
2019,10,13,2.05
2019,10,14,1.38
2019,10,15,1.78
2019,10,16,1.54
2019,10,17,2.36
2019,10,18,3.12
2019,10,19,0.75
2019,10,20,2.14
2019,10,21,4.26
2019,10,22,3.46
2019,10,23,4.42
2019,10,24,3.72
2019,10,25,4.01
2019,10,26,2.7
2019,10,27,1.91
2019,10,28,3.51
2019,10,29,4.02
2019,10,30,5.52
2019,10,31,4.79
2019,11,1,1.2
2019,11,2,1.03
2019,11,3,1.94
2019,11,4,1.64
2019,11,5,2.34
2019,11,6,3.6
2019,11,7,3.24
2019,11,8,2.93
2019,11,9,2.05
2019,11,10,1.67
2019,11,11,1.84
2019,11,12,2.41
2019,11,13,3.91
2019,11,14,2.91
2019,11,15,2.59
2019,11,16,2.43
2019,11,17,2.85
2019,11,18,2.05
2019,11,19,2.13
2019,11,20,2.63
2019,11,21,3.67
2019,11,22,2.77
2019,11,23,4.22
2019,11,24,3.55
2019,11,25,3.55
2019,11,26,4.62
2019,11,27,3.82
2019,11,28,3.46
2019,11,29,3.53
2019,11,30,4.98
2019,12,1,4.3
2019,12,2,3.54
2019,12,3,3.62
2019,12,4,4.11
2019,12,5,4.97
2019,12,6,5.94
2019,12,7,4.56
2019,12,8,4.36
2019,12,9,4.53
2019,12,10,3.27
2019,12,11,3.05
2019,12,12,2.95
2019,12,13,3.41
2019,12,14,4.02
2019,12,15,5.3
2019,12,16,4.25
2019,12,17,4.77
2019,12,18,5.65
2019,12,19,6.02
2019,12,20,4.45
2019,12,21,4.77
2019,12,22,3.82
2019,12,23,3.56
2019,12,24,2.93
2019,12,25,3.05
2019,12,26,3.55
2019,12,27,3.37
2019,12,28,3.62
2019,12,29,3.92
2019,12,30,3.99
2019,12,31,3.12
2020,1,1,2.12
2020,1,2,2.37
2020,1,3,2.86
2020,1,4,1.54
2020,1,5,2.02
2020,1,6,4.49
2020,1,7,4.04
2020,1,8,3.59
2020,1,9,3.1
2020,1,10,4.28
2020,1,11,4.3
2020,1,12,3.29
2020,1,13,2.41
2020,1,14,2.52
2020,1,15,2.69
2020,1,16,2.68
2020,1,17,2.7
2020,1,18,3.35
2020,1,19,4.2
2020,1,20,4.16
2020,1,21,3.98
2020,1,22,5.48
2020,1,23,5.33
2020,1,24,5.01
2020,1,25,3.24
2020,1,26,2.86
2020,1,27,2.19
2020,1,28,1.89
2020,1,29,2.89
2020,1,30,2.16
2020,1,31,2.24
2020,2,1,3.26
2020,2,2,3.41
2020,2,3,2.83
2020,2,4,3.02
2020,2,5,2.3
2020,2,6,2.46
2020,2,7,2.51
2020,2,8,2.16
2020,2,9,2.37
2020,2,10,3.86
2020,2,11,4.95
2020,2,12,3.87
2020,2,13,2.8
2020,2,14,2.11
2020,2,15,2.19
2020,2,16,2.66
2020,2,17,2.97
2020,2,18,3.5
2020,2,19,3.26
2020,2,20,3.85
2020,2,21,3.88
2020,2,22,6.59
2020,2,23,5.39
2020,2,24,4.61
2020,2,25,2.5
2020,2,26,2.55
2020,2,27,2.28
2020,2,28,2.59
2020,2,29,2.42
2020,3,1,2.69
2020,3,2,2.2
2020,3,3,2.77
2020,3,4,3.58
2020,3,5,2.3
2020,3,6,3.19
2020,3,7,2.7
2020,3,8,2.32
2020,3,9,2.31
2020,3,10,2.02
2020,3,11,2.37
2020,3,12,2.3
2020,3,13,2.25
2020,3,14,2.45
2020,3,15,2.14
2020,3,16,2.73
2020,3,17,5.01
2020,3,18,3.85
2020,3,19,3.1
2020,3,20,2.5
2020,3,21,2.65
2020,3,22,1.71
2020,3,23,2.02
2020,3,24,2
2020,3,25,1.92
2020,3,26,3.21
2020,3,27,3.53
2020,3,28,2.98
2020,3,29,1.97
2020,3,30,2.15
2020,3,31,2.03
2020,4,1,3.28
2020,4,2,3.43
2020,4,3,2.42
2020,4,4,2.02
2020,4,5,1.63
2020,4,6,1.77
2020,4,7,2.76
2020,4,8,3.33
2020,4,9,2.72
2020,4,10,2.45
2020,4,11,2.85
2020,4,12,2.63
2020,4,13,2.05
2020,4,14,1.99
2020,4,15,2.21
2020,4,16,2.12
2020,4,17,1.82
2020,4,18,2.74
2020,4,19,1.6
2020,4,20,2.42
2020,4,21,2.28
2020,4,22,2.3
2020,4,23,3.42
2020,4,24,4.66
2020,4,25,4.02
2020,4,26,2.38
2020,4,27,2.95
2020,4,28,2.5
2020,4,29,3.92
2020,4,30,2.9
2020,5,1,3.34
2020,5,2,4.01
2020,5,3,3.53
2020,5,4,3.13
2020,5,5,2.2
2020,5,6,2.49
2020,5,7,2.75
2020,5,8,2.12
2020,5,9,1.71
2020,5,10,1.9
2020,5,11,2.68
2020,5,12,1.23
2020,5,13,1.58
2020,5,14,2.56
2020,5,15,5.34
2020,5,16,5.3
2020,5,17,6.95
2020,5,18,7.71
2020,5,19,7.12
2020,5,20,6.9
2020,5,21,5.41
2020,5,22,5.25
2020,5,23,5.39
2020,5,24,6.52
2020,5,25,4.78
2020,5,26,4.38
2020,5,27,4.06
2020,5,28,4.14
2020,5,29,3.91
2020,5,30,3.47
2020,5,31,4.97
2020,6,1,4.55
2020,6,2,4.56
2020,6,3,4.45
2020,6,4,4.8
2020,6,5,5.77
2020,6,6,5.86
2020,6,7,5.07
2020,6,8,5.2
2020,6,9,5.7
2020,6,10,5.8
2020,6,11,5.38
2020,6,12,5.27
2020,6,13,5.27
2020,6,14,6.69
2020,6,15,5.46
2020,6,16,4.34
2020,6,17,4.46
2020,6,18,4.25
2020,6,19,4.61
2020,6,20,4.17
2020,6,21,5.92
2020,6,22,6.66
2020,6,23,4.49
2020,6,24,4.71
2020,6,25,4.41
2020,6,26,6.09
2020,6,27,5.84
2020,6,28,5.5
2020,6,29,5.75
2020,6,30,4.47
2020,7,1,3.97
2020,7,2,4.69
2020,7,3,4.7
2020,7,4,5.25
2020,7,5,4.09
2020,7,6,5.66
2020,7,7,4.93
2020,7,8,4.71
2020,7,9,4.2
2020,7,10,4.41
2020,7,11,4.01
2020,7,12,5.33
2020,7,13,5.55
2020,7,14,5.44
2020,7,15,5.27
2020,7,16,3.95
2020,7,17,4.7
2020,7,18,3.89
2020,7,19,4.74
2020,7,20,3.38
2020,7,21,3.09
2020,7,22,3.65
2020,7,23,3.02
2020,7,24,4.68
2020,7,25,3.69
2020,7,26,4.62
2020,7,27,4.89
2020,7,28,5.98
2020,7,29,7.48
2020,7,30,6.27
2020,7,31,6.55
2020,8,1,5.62
2020,8,2,6.43
2020,8,3,6.31
2020,8,4,4.69
2020,8,5,5.7
2020,8,6,6.5
2020,8,7,6.2
2020,8,8,6.39
2020,8,9,6.48
2020,8,10,5.42
2020,8,11,5.55
2020,8,12,5.26
2020,8,13,5.23
2020,8,14,4.56
2020,8,15,3.91
2020,8,16,3.78
2020,8,17,3.64
2020,8,18,4.27
2020,8,19,4.95
2020,8,20,4.84
2020,8,21,4.01
2020,8,22,4.38
2020,8,23,4.17
2020,8,24,4.12
2020,8,25,4.5
2020,8,26,4.35
2020,8,27,4.93
2020,8,28,5.12
2020,8,29,4.46
2020,8,30,4.52
2020,8,31,4.7
2020,9,1,4.86
2020,9,2,3.74
2020,9,3,4.06
2020,9,4,3.52
2020,9,5,5.65
2020,9,6,6.11
2020,9,7,5.54
2020,9,8,4.29
2020,9,9,4.68
2020,9,10,6.02
2020,9,11,4.88
2020,9,12,4.41
2020,9,13,4.54
2020,9,14,5.02
2020,9,15,4.98
2020,9,16,5.38
2020,9,17,5.47
2020,9,18,5.7
2020,9,19,5.62
2020,9,20,6.16
2020,9,21,6.87
2020,9,22,6.04
2020,9,23,5.38
2020,9,24,4.06
2020,9,25,3.65
2020,9,26,3.58
2020,9,27,3.17
2020,9,28,4.05
2020,9,29,4.33
2020,9,30,4.77
2020,10,1,4.69
2020,10,2,4.61
2020,10,3,4.45
2020,10,4,5.07
2020,10,5,6.07
2020,10,6,5.3
2020,10,7,5.45
2020,10,8,3.84
2020,10,9,4.26
2020,10,10,4.27
2020,10,11,5.49
2020,10,12,6.74
2020,10,13,6.81
2020,10,14,6.59
2020,10,15,4.33
2020,10,16,5.3
2020,10,17,4.2
2020,10,18,3.77
2020,10,19,3.98
2020,10,20,4.53
2020,10,21,4.45
2020,10,22,4.79
2020,10,23,4.39
2020,10,24,3.8
2020,10,25,3.62
2020,10,26,3.25
2020,10,27,2.96
2020,10,28,2.65
2020,10,29,1.95
2020,10,30,2.22
2020,10,31,1.73
2020,11,1,1.88
2020,11,2,2.19
2020,11,3,1.91
2020,11,4,2.23
2020,11,5,1.84
2020,11,6,2.62
2020,11,7,3.75
2020,11,8,3.38
2020,11,9,3.23
2020,11,10,2.84
2020,11,11,2.76
2020,11,12,3.68
2020,11,13,3.18
2020,11,14,3.94
2020,11,15,3.18
2020,11,16,4.76
2020,11,17,5.53
2020,11,18,3.46
2020,11,19,2.95
2020,11,20,3.12
2020,11,21,3.22
2020,11,22,2.52
2020,11,23,1.7
2020,11,24,2.88
2020,11,25,4.02
2020,11,26,4.77
2020,11,27,3.01
2020,11,28,2.16
2020,11,29,3.27
2020,11,30,3.5
2020,12,1,4.32
2020,12,2,2.55
2020,12,3,4.03
2020,12,4,6.18
2020,12,5,3.34
2020,12,6,2.36
2020,12,7,2.93
2020,12,8,3.98
2020,12,9,3.93
2020,12,10,4.02
2020,12,11,3.51
2020,12,12,2.74
2020,12,13,2.59
2020,12,14,3.73
2020,12,15,3.18
2020,12,16,4.1
2020,12,17,3.45
2020,12,18,4.12
2020,12,19,6.36
2020,12,20,5.48
2020,12,21,5.77
2020,12,22,5.05
2020,12,23,4.81
2020,12,24,4.63
2020,12,25,4.96
2020,12,26,4.63
2020,12,27,3.09
2020,12,28,2.53
2020,12,29,3.27
2020,12,30,4.59
2020,12,31,5.49
2021,1,1,5.82
2021,1,2,4.11
2021,1,3,3.73
2021,1,4,4.33
2021,1,5,3.48
2021,1,6,1.99
2021,1,7,2.88
2021,1,8,2.09
2021,1,9,3.3
2021,1,10,2.41
2021,1,11,3.97
2021,1,12,5.88
2021,1,13,5.2
2021,1,14,5.16
2021,1,15,4.21
2021,1,16,4.03
2021,1,17,4.17
2021,1,18,5.08
2021,1,19,3.44
2021,1,20,2.31
2021,1,21,1.74
2021,1,22,2.69
2021,1,23,2.74
2021,1,24,3.72
2021,1,25,4.5
2021,1,26,4.28
2021,1,27,4.1
2021,1,28,4.09
2021,1,29,2.71
2021,1,30,2.66
2021,1,31,4.1
2021,2,1,5.39
2021,2,2,5.2
2021,2,3,5.58
2021,2,4,5.02
2021,2,5,3.94
2021,2,6,3.95
2021,2,7,4.83
2021,2,8,6.35
2021,2,9,4.89
2021,2,10,5.15
2021,2,11,4.04
2021,2,12,4.48
2021,2,13,3.3
2021,2,14,2.62
2021,2,15,2.25
2021,2,16,2.03
2021,2,17,1.62
2021,2,18,2.4
2021,2,19,2.56
2021,2,20,2.48
2021,2,21,2.51
2021,2,22,2.73
2021,2,23,2.93
2021,2,24,2.8
2021,2,25,2.4
2021,2,26,1.61
2021,2,27,1.38
2021,2,28,2.35
2021,3,1,2.41
2021,3,2,3.1
2021,3,3,4.66
2021,3,4,3.74
2021,3,5,3.04
2021,3,6,2.28
2021,3,7,2.04
2021,3,8,2.91
2021,3,9,3.88
2021,3,10,4.27
2021,3,11,1.93
2021,3,12,3.92
2021,3,13,2.88
2021,3,14,3.74
2021,3,15,2.88
2021,3,16,2.23
2021,3,17,2.53
2021,3,18,2.55
2021,3,19,1.9
2021,3,20,2.06
2021,3,21,1.51
2021,3,22,2.12
2021,3,23,2.83
2021,3,24,2.7
2021,3,25,1.86
2021,3,26,2.91
2021,3,27,2.52
2021,3,28,2.9
2021,3,29,2.92
2021,3,30,3.09
2021,3,31,3.83
2021,4,1,5.05
2021,4,2,5.24
2021,4,3,5.29
2021,4,4,6.05
2021,4,5,5.04
2021,4,6,2.15
2021,4,7,1.74
2021,4,8,2.62
2021,4,9,2.24
2021,4,10,1.9
2021,4,11,1.66
2021,4,12,1.28
2021,4,13,1.91
2021,4,14,2.18
2021,4,15,1.89
2021,4,16,2.44
2021,4,17,2.46
2021,4,18,2.55
2021,4,19,3.64
2021,4,20,3.62
2021,4,21,3.43
2021,4,22,3.11
2021,4,23,3.02
2021,4,24,3.34
2021,4,25,2.56
2021,4,26,2.45
2021,4,27,2.42
2021,4,28,2.8
2021,4,29,3.67
2021,4,30,2.79
2021,5,1,1.73
2021,5,2,1.63
2021,5,3,2.46
2021,5,4,1.91
2021,5,5,1.73
2021,5,6,1.87
2021,5,7,1.15
2021,5,8,1.62
2021,5,9,2.15
2021,5,10,2.48
2021,5,11,3.46
2021,5,12,4.27
2021,5,13,5.02
2021,5,14,4.84
2021,5,15,6.89
2021,5,16,4.67
2021,5,17,4.23
2021,5,18,3.9
2021,5,19,4.51
2021,5,20,3.6
2021,5,21,3.41
2021,5,22,3.97
2021,5,23,4.05
2021,5,24,4.8
2021,5,25,6.51
2021,5,26,7.52
2021,5,27,7.8
2021,5,28,6.38
2021,5,29,6.39
2021,5,30,6.48
2021,5,31,6.52
2021,6,1,5.55
2021,6,2,5.2
2021,6,3,5.71
2021,6,4,5.46
2021,6,5,4.22
2021,6,6,4.13
2021,6,7,4.26
2021,6,8,5.2
2021,6,9,4.97
2021,6,10,5.53
2021,6,11,5.23
2021,6,12,6.1
2021,6,13,5.51
2021,6,14,5.44
2021,6,15,6.84
2021,6,16,6.91
2021,6,17,5.82
2021,6,18,5.29
2021,6,19,5.46
2021,6,20,5.44
2021,6,21,5.25
2021,6,22,5.02
2021,6,23,3.76
2021,6,24,4.34
2021,6,25,4.46
2021,6,26,5.15
2021,6,27,4.88
2021,6,28,4.8
2021,6,29,3.95
2021,6,30,4.09
2021,7,1,5.05
2021,7,2,4.7
2021,7,3,5.58
2021,7,4,4.8
2021,7,5,5.4
2021,7,6,4.91
2021,7,7,4.83
2021,7,8,5.5
2021,7,9,6.91
2021,7,10,8.12
2021,7,11,6.18
2021,7,12,6.52
2021,7,13,5.73
2021,7,14,5.52
2021,7,15,5.04
2021,7,16,5.57
2021,7,17,4.9
2021,7,18,5.86
2021,7,19,5.08
2021,7,20,5.39
2021,7,21,5.57
2021,7,22,5.77
2021,7,23,7.03
2021,7,24,7.2
2021,7,25,6.42
2021,7,26,6.13
2021,7,27,5.34
2021,7,28,5.02
2021,7,29,5.8
2021,7,30,5.93
2021,7,31,6.25
2021,8,1,5.86
2021,8,2,5.14
2021,8,3,5.3
2021,8,4,5.77
2021,8,5,5.69
2021,8,6,5.59
2021,8,7,6.86
2021,8,8,5.01
2021,8,9,4.21
2021,8,10,5.97
2021,8,11,6.96
2021,8,12,5.87
2021,8,13,6.36
2021,8,14,5.79
2021,8,15,5.69
2021,8,16,5.31
2021,8,17,4.88
2021,8,18,5.05
2021,8,19,4.42
2021,8,20,3.9
2021,8,21,3.88
2021,8,22,2.84
2021,8,23,2.77
2021,8,24,3.09
2021,8,25,3.48
2021,8,26,5.52
2021,8,27,6.07
2021,8,28,6.22
2021,8,29,6.69
2021,8,30,5.61
2021,8,31,4.55
2021,9,1,4.62
2021,9,2,4.34
2021,9,3,3.91
2021,9,4,4.81
2021,9,5,5.61
2021,9,6,5.2
2021,9,7,5.04
2021,9,8,5.51
2021,9,9,4.95
2021,9,10,5.59
2021,9,11,5.1
2021,9,12,5.8
2021,9,13,6.49
2021,9,14,4.9
2021,9,15,4.42
2021,9,16,4.75
2021,9,17,4.37
2021,9,18,4.12
2021,9,19,4.27
2021,9,20,4.02
2021,9,21,4.82
2021,9,22,5.37
2021,9,23,6.1
2021,9,24,5.23
2021,9,25,5.14
2021,9,26,5.04
2021,9,27,8.36
2021,9,28,5.89
2021,9,29,4.73
2021,9,30,4.19
2021,10,1,3.84
2021,10,2,4.03
2021,10,3,3.78
2021,10,4,2.71
2021,10,5,3.55
2021,10,6,3.45
2021,10,7,3.45
2021,10,8,4.58
2021,10,9,4.92
2021,10,10,4.89
2021,10,11,4.9
2021,10,12,5.38
2021,10,13,4.76
2021,10,14,5.26
2021,10,15,5.42
2021,10,16,7.3
2021,10,17,7.04
2021,10,18,6
2021,10,19,4.19
2021,10,20,3.69
2021,10,21,2.37
2021,10,22,1.73
2021,10,23,2.69
2021,10,24,3.2
2021,10,25,2.34
2021,10,26,1.64
2021,10,27,2.07
2021,10,28,1.32
2021,10,29,2.05
2021,10,30,3.22
2021,10,31,3.11
2021,11,1,2.09
2021,11,2,2.62
2021,11,3,2.23
2021,11,4,1.98
2021,11,5,3.27
2021,11,6,2.58
2021,11,7,3.66
2021,11,8,4.07
2021,11,9,3.84
2021,11,10,3.82
2021,11,11,4.95
2021,11,12,6.55
2021,11,13,6.23
2021,11,14,6.34
2021,11,15,4.83
2021,11,16,3.8
2021,11,17,2.08
2021,11,18,3.65
2021,11,19,5.84
2021,11,20,5.45
2021,11,21,3.45
2021,11,22,2.79
2021,11,23,2.23
2021,11,24,3.05
2021,11,25,2.02
2021,11,26,2.71
2021,11,27,2.3
2021,11,28,4.23
2021,11,29,3.59
2021,11,30,3.06
2021,12,1,2.47
2021,12,2,1.25
2021,12,3,2.05
2021,12,4,1.75
2021,12,5,2.03
2021,12,6,1.62
2021,12,7,1.84
2021,12,8,3.2
2021,12,9,3.05
2021,12,10,4.49
2021,12,11,4.05
2021,12,12,4.88
2021,12,13,4.33
2021,12,14,4.52
2021,12,15,4.23
2021,12,16,4.23
2021,12,17,3.73
2021,12,18,3.77
2021,12,19,4.95
2021,12,20,4.82
2021,12,21,3.37
2021,12,22,2.71
2021,12,23,2.85
2021,12,24,3.46
2021,12,25,3.55
2021,12,26,3.82
2021,12,27,4.61
2021,12,28,4.4
2021,12,29,3.85
2021,12,30,3.32
2021,12,31,4.73
2022,1,1,4.71
2022,1,2,6.62
2022,1,3,5.51
2022,1,4,5.11
2022,1,5,3.77
2022,1,6,3.47
2022,1,7,3.56
2022,1,8,3.81
2022,1,9,3.7
2022,1,10,2.71
2022,1,11,2.65
2022,1,12,2.2
2022,1,13,1.7
2022,1,14,1.62
2022,1,15,1.59
2022,1,16,3.81
2022,1,17,4.45
2022,1,18,5.02
2022,1,19,3.21
2022,1,20,1.95
2022,1,21,1.23
2022,1,22,2.93
2022,1,23,4.02
2022,1,24,3.88
2022,1,25,3.12
2022,1,26,2.75
2022,1,27,3.22
2022,1,28,5.75
2022,1,29,4.69
2022,1,30,2.75
2022,1,31,3.09
2022,2,1,3.12
2022,2,2,3.23
2022,2,3,2.55
2022,2,4,2.41
2022,2,5,1.89
2022,2,6,1.84
2022,2,7,2.52
2022,2,8,1.93
2022,2,9,3.3
2022,2,10,2.54
2022,2,11,3.18
2022,2,12,3.44
2022,2,13,4.89
2022,2,14,3.84
2022,2,15,3.66
2022,2,16,2.84
2022,2,17,2.09
2022,2,18,3.2
2022,2,19,3.47
2022,2,20,2.97
2022,2,21,2.04
2022,2,22,2.05
2022,2,23,4.2
2022,2,24,3.59
2022,2,25,3.16
2022,2,26,3.07
2022,2,27,4.17
2022,2,28,3.38
2022,3,1,2.57
2022,3,2,3.78
2022,3,3,3.02
2022,3,4,2.34
2022,3,5,1.92
2022,3,6,2.27
2022,3,7,2.38
2022,3,8,2.32
2022,3,9,2.27
2022,3,10,2
2022,3,11,2.52
2022,3,12,2.09
2022,3,13,3.3
2022,3,14,2.42
2022,3,15,1.77
2022,3,16,3.31
2022,3,17,3.18
2022,3,18,3.46
2022,3,19,4.01
2022,3,20,5.06
2022,3,21,5.03
2022,3,22,5.1
2022,3,23,3.35
2022,3,24,3.45
2022,3,25,3.05
2022,3,26,2
2022,3,27,1.69
2022,3,28,1.81
2022,3,29,2.42
2022,3,30,2.19
2022,3,31,1.8
2022,4,1,2.49
2022,4,2,2.59
2022,4,3,2.07
2022,4,4,1.84
2022,4,5,2.22
2022,4,6,1.44
2022,4,7,1.55
2022,4,8,1.58
2022,4,9,2.66
2022,4,10,3.28
2022,4,11,2.99
2022,4,12,1.05
2022,4,13,1.89
2022,4,14,2.21
2022,4,15,2.57
2022,4,16,3.1
2022,4,17,3.08
2022,4,18,4.08
2022,4,19,4.49
2022,4,20,3.57
2022,4,21,1.53
2022,4,22,2.73
2022,4,23,1.42
2022,4,24,1.46
2022,4,25,1.66
2022,4,26,1.59
2022,4,27,1.51
2022,4,28,1.91
2022,4,29,2.28
2022,4,30,3.48
2022,5,1,4.98
2022,5,2,5.09
2022,5,3,3.95
2022,5,4,3.55
2022,5,5,4.69
2022,5,6,3.65
2022,5,7,4.7
2022,5,8,5.36
2022,5,9,5.88
2022,5,10,5.79
2022,5,11,6.09
2022,5,12,5.79
2022,5,13,5.04
2022,5,14,6.82
2022,5,15,7.05
2022,5,16,6.57
2022,5,17,5.67
2022,5,18,6.15
2022,5,19,4.97
2022,5,20,4.27
2022,5,21,5.16
2022,5,22,5.2
2022,5,23,4.73
2022,5,24,4.45
2022,5,25,3.23
2022,5,26,3.57
2022,5,27,4.49
2022,5,28,4.65
2022,5,29,3.88
2022,5,30,5.03
2022,5,31,5.55
2022,6,1,5.42
2022,6,2,5.3
2022,6,3,5.89
2022,6,4,4.59
2022,6,5,4.36
2022,6,6,4.07
2022,6,7,4.22
2022,6,8,4.75
2022,6,9,4.95
2022,6,10,5.13
2022,6,11,3.45
2022,6,12,4.12
2022,6,13,4.34
2022,6,14,4.7
2022,6,15,4.67
2022,6,16,4.95
2022,6,17,4.9
2022,6,18,4.62
2022,6,19,4.61
2022,6,20,4.54
2022,6,21,4.71
2022,6,22,4.05
2022,6,23,4.38
2022,6,24,4.48
2022,6,25,6
2022,6,26,4.73
2022,6,27,4.98
2022,6,28,5.63
2022,6,29,6.05
2022,6,30,6.48
2022,7,1,6.63
2022,7,2,6.78
2022,7,3,6.91
2022,7,4,7.45
2022,7,5,7.13
2022,7,6,6.12
2022,7,7,5.63
2022,7,8,6.66
2022,7,9,5.97
2022,7,10,6.29
2022,7,11,5.41
2022,7,12,5.36
2022,7,13,5.73
2022,7,14,5.9
2022,7,15,4.64
2022,7,16,3.62
2022,7,17,4.23
2022,7,18,7.02
2022,7,19,5.66
2022,7,20,5.91
2022,7,21,5.91
2022,7,22,5.8
2022,7,23,4.88
2022,7,24,4.65
2022,7,25,5.27
2022,7,26,5.73
2022,7,27,3.56
2022,7,28,2.98
2022,7,29,2.36
2022,7,30,3.91
2022,7,31,4.59
2022,8,1,7.97
2022,8,2,9.07
2022,8,3,7.52
2022,8,4,8.58
2022,8,5,7.34
2022,8,6,4.26
2022,8,7,4.42
2022,8,8,4.62
2022,8,9,5.23
2022,8,10,4.65
2022,8,11,4.49
2022,8,12,4.09
2022,8,13,4.21
2022,8,14,4.94
2022,8,15,4.92
2022,8,16,3.99
2022,8,17,4.04
2022,8,18,4.84
2022,8,19,4.81
2022,8,20,5.27
2022,8,21,4.74
2022,8,22,5.65
2022,8,23,5.51
2022,8,24,5.27
2022,8,25,6.08
2022,8,26,4.65
2022,8,27,4.81
2022,8,28,5.97
2022,8,29,4.81
2022,8,30,4.86
2022,8,31,2.86
2022,9,1,4.22
2022,9,2,4.52
2022,9,3,3.8
2022,9,4,4.25
2022,9,5,4.77
2022,9,6,5.46
2022,9,7,6.52
2022,9,8,5.17
2022,9,9,4.52
2022,9,10,4.69
2022,9,11,4.73
2022,9,12,4.78
2022,9,13,3.8
2022,9,14,3.61
2022,9,15,3.75
2022,9,16,4.65
2022,9,17,4.4
2022,9,18,4.41
2022,9,19,4.71
2022,9,20,4.19
2022,9,21,4.38
2022,9,22,4.79
2022,9,23,4.75
2022,9,24,5.15
2022,9,25,5.18
2022,9,26,5.59
2022,9,27,5.82
2022,9,28,5.12
2022,9,29,4.1
2022,9,30,4.76
2022,10,1,5.49
2022,10,2,4.98
2022,10,3,6.16
2022,10,4,5.85
2022,10,5,5.1
2022,10,6,4.38
2022,10,7,4.13
2022,10,8,4.52
2022,10,9,4.07
2022,10,10,3.47
2022,10,11,1.59
2022,10,12,3.51
2022,10,13,3.42
2022,10,14,3.96
2022,10,15,2.38
2022,10,16,3.38
2022,10,17,3.99
2022,10,18,4.73
2022,10,19,4.62
2022,10,20,3.95
2022,10,21,2.97
2022,10,22,1.62
2022,10,23,2.27
2022,10,24,3.74
2022,10,25,3.33
2022,10,26,2.3
2022,10,27,1.47
2022,10,28,1.34
2022,10,29,1.64
2022,10,30,1.8
2022,10,31,1.66
2022,11,1,3.98
2022,11,2,3.27
2022,11,3,2.95
2022,11,4,2.2
2022,11,5,1.93
2022,11,6,1.71
2022,11,7,1.81
2022,11,8,1.97
2022,11,9,2.02
2022,11,10,2.09
2022,11,11,2.99
2022,11,12,4
2022,11,13,2.16
2022,11,14,2.13
2022,11,15,2.16
2022,11,16,1.14
2022,11,17,1.3
2022,11,18,1.87
2022,11,19,2.62
2022,11,20,2.56
2022,11,21,2.18
2022,11,22,3.49
2022,11,23,4.11
2022,11,24,2.85
2022,11,25,1.99
2022,11,26,2.17
2022,11,27,1.79
2022,11,28,1.66
2022,11,29,1.07
2022,11,30,2.65
2022,12,1,2.63
2022,12,2,2.62
2022,12,3,2.71
2022,12,4,2.36
2022,12,5,3.55
2022,12,6,2.45
2022,12,7,1.71
2022,12,8,3.57
2022,12,9,4.48
2022,12,10,5.27
2022,12,11,5.36
2022,12,12,3.56
2022,12,13,1.79
2022,12,14,2.77
2022,12,15,3.08
2022,12,16,3.56
2022,12,17,3.8
2022,12,18,3.95
2022,12,19,3.55
2022,12,20,3.3
2022,12,21,3
2022,12,22,2.04
2022,12,23,1.95
2022,12,24,2.27
2022,12,25,2.48
2022,12,26,3.25
2022,12,27,4.66
2022,12,28,3.55
2022,12,29,4.95
2022,12,30,3.98
2022,12,31,3.55
2023,1,1,2.64
2023,1,2,4.2
2023,1,3,3.63
2023,1,4,4.15
2023,1,5,3.72
2023,1,6,4.08
2023,1,7,4.45
2023,1,8,4.7
2023,1,9,4.45
2023,1,10,3.93
2023,1,11,3.2
2023,1,12,3.02
2023,1,13,2.82
2023,1,14,2.41
2023,1,15,2.38
2023,1,16,2.37
2023,1,17,3.11
2023,1,18,4.73
2023,1,19,3.98
2023,1,20,4.27
2023,1,21,3.24
2023,1,22,4.28
2023,1,23,2.8
2023,1,24,3.02
2023,1,25,2.55
2023,1,26,2.73
2023,1,27,2.53
2023,1,28,2.8
2023,1,29,2.9
2023,1,30,2.87
2023,1,31,2.81
2023,2,1,2.07
2023,2,2,2.9
2023,2,3,2.73
2023,2,4,2.73
2023,2,5,1.98
2023,2,6,2.47
2023,2,7,2.27
2023,2,8,2.19
2023,2,9,2.15
2023,2,10,2.77
2023,2,11,2.41
2023,2,12,2.48
2023,2,13,3.15
2023,2,14,2.67
2023,2,15,2.23
2023,2,16,3.37
2023,2,17,3.59
2023,2,18,2.62
2023,2,19,2.23
2023,2,20,2.57
2023,2,21,2.35
2023,2,22,2.8
2023,2,23,3.6
2023,2,24,2.86
2023,2,25,2.99
2023,2,26,4.09
2023,2,27,3.51
2023,2,28,3.22
2023,3,1,5.4
2023,3,2,4.38
2023,3,3,4.12
2023,3,4,4.33
2023,3,5,4.23
2023,3,6,3.46
2023,3,7,3.03
2023,3,8,4.27
2023,3,9,4.16
2023,3,10,4.83
2023,3,11,3.36
2023,3,12,3.77
2023,3,13,4.07
2023,3,14,3.31
2023,3,15,2.55
2023,3,16,2.09
2023,3,17,2.12
2023,3,18,2.98
2023,3,19,3.5
2023,3,20,2.91
2023,3,21,4.31
2023,3,22,4.07
2023,3,23,2.8
2023,3,24,2.26
2023,3,25,2.07
2023,3,26,2.24
2023,3,27,3.6
2023,3,28,2.93
2023,3,29,2.23
2023,3,30,2.95
2023,3,31,2.98
2023,4,1,3.05
2023,4,2,3.38
2023,4,3,3.59
2023,4,4,2.27
2023,4,5,1.98
2023,4,6,1.57
2023,4,7,2.51
2023,4,8,4.23
2023,4,9,2.88
2023,4,10,3.6
2023,4,11,3.43
2023,4,12,2.98
2023,4,13,2.17
2023,4,14,2.27
2023,4,15,2.23
2023,4,16,1.76
2023,4,17,1.91
2023,4,18,2.01
2023,4,19,2.43
2023,4,20,3.24
2023,4,21,3.38
2023,4,22,4.19
2023,4,23,4
2023,4,24,2.23
2023,4,25,2.12
2023,4,26,2.8
2023,4,27,2.06
2023,4,28,3.45
2023,4,29,2.59
2023,4,30,3.34
2023,5,1,2.45
2023,5,2,3.8
2023,5,3,5.63
2023,5,4,2.75
2023,5,5,4
2023,5,6,3.81
2023,5,7,4.41
2023,5,8,3.66
2023,5,9,3.68
2023,5,10,3.21
2023,5,11,4.48
2023,5,12,3.04
2023,5,13,4.63
2023,5,14,5.07
2023,5,15,5.3
2023,5,16,4.84
2023,5,17,3.28
2023,5,18,2.7
2023,5,19,3.33
2023,5,20,3.52
2023,5,21,3.55
2023,5,22,2.83
2023,5,23,2.11
2023,5,24,3.11
2023,5,25,4.09
2023,5,26,4.84
2023,5,27,5.22
2023,5,28,5.38
2023,5,29,3.25
2023,5,30,3.09
2023,5,31,2.97
2023,6,1,5.29
2023,6,2,4.52
2023,6,3,4.34
2023,6,4,6.27
2023,6,5,6.04
2023,6,6,5.39
2023,6,7,6.49
2023,6,8,5.87
2023,6,9,5.66
2023,6,10,5.68
2023,6,11,5.83
2023,6,12,5.48
2023,6,13,5.2
2023,6,14,5.4
2023,6,15,5.43
2023,6,16,7.19
2023,6,17,6.11
2023,6,18,4.55
2023,6,19,4.31
2023,6,20,4.17
2023,6,21,3.99
2023,6,22,4.51
2023,6,23,4.3
2023,6,24,4.53
2023,6,25,5.56
2023,6,26,3.95
2023,6,27,4.64
2023,6,28,4.52
2023,6,29,4.98
2023,6,30,4.36
2023,7,1,5.05
2023,7,2,5.88
2023,7,3,5.71
2023,7,4,7.21
2023,7,5,7.12
2023,7,6,5.58
2023,7,7,4.55
2023,7,8,3.99
2023,7,9,4.59
2023,7,10,4.51
2023,7,11,3.27
2023,7,12,3.46
2023,7,13,4.36
2023,7,14,4.78
2023,7,15,4.51
2023,7,16,4.57
2023,7,17,4.84
2023,7,18,5.94
2023,7,19,5.48
2023,7,20,4.52
2023,7,21,5.19
2023,7,22,5.65
2023,7,23,5.45
2023,7,24,4.76
2023,7,25,4.22
2023,7,26,4.3
2023,7,27,4.82
2023,7,28,5.07
2023,7,29,5.7
2023,7,30,6.2
2023,7,31,5.88
2023,8,1,5.77
2023,8,2,4.33
2023,8,3,4.85
2023,8,4,4.99
2023,8,5,5.76
2023,8,6,6.15
2023,8,7,5.08
2023,8,8,4.36
2023,8,9,3.29
2023,8,10,3.88
2023,8,11,4.53
2023,8,12,4.84
2023,8,13,5.13
2023,8,14,4.21
2023,8,15,3.75
2023,8,16,3.44
2023,8,17,4.31
2023,8,18,4.89
2023,8,19,5.06
2023,8,20,5.35
2023,8,21,5.88
2023,8,22,5.07
2023,8,23,4.91
2023,8,24,4.55
2023,8,25,4.02
2023,8,26,3.84
2023,8,27,4.46
2023,8,28,4.23
2023,8,29,4.84
2023,8,30,5.36
2023,8,31,4.51
2023,9,1,4.09
2023,9,2,5.15
2023,9,3,5.27
2023,9,4,5.86
2023,9,5,4.84
2023,9,6,4.14
2023,9,7,5
2023,9,8,4.38
2023,9,9,4.95
2023,9,10,5.62
2023,9,11,4.97
2023,9,12,5.24
2023,9,13,4.55
2023,9,14,4.56
2023,9,15,4.33
2023,9,16,3.43
2023,9,17,3.23
2023,9,18,4.09
2023,9,19,3.99
2023,9,20,3.8
2023,9,21,3.86
2023,9,22,3.87
2023,9,23,4.41
2023,9,24,4.31
2023,9,25,4.91
2023,9,26,4.5
2023,9,27,4.33
2023,9,28,4.82
2023,9,29,6.1
2023,9,30,4.76
2023,10,1,4.81
2023,10,2,5.02
2023,10,3,3.57
2023,10,4,4.34
2023,10,5,3
2023,10,6,4.11
2023,10,7,3.25
2023,10,8,2.18
2023,10,9,1.86
2023,10,10,1.89
2023,10,11,3.33
2023,10,12,3.72
2023,10,13,2.67
2023,10,14,3.18
2023,10,15,3.28
2023,10,16,2.57
2023,10,17,3.52
2023,10,18,2.73
2023,10,19,1.6
2023,10,20,1.9
2023,10,21,1.5
2023,10,22,1.83
2023,10,23,2.52
2023,10,24,1.55
2023,10,25,2.28
2023,10,26,1.52
2023,10,27,1.79
2023,10,28,1.35
2023,10,29,2.48
2023,10,30,2.8
2023,10,31,2.66
2023,11,1,2.32
2023,11,2,2.15
2023,11,3,2.75
2023,11,4,3.03
2023,11,5,0.98
2023,11,6,1.34
2023,11,7,1.76
2023,11,8,1.76
2023,11,9,2.23
2023,11,10,2.91
2023,11,11,3.51
2023,11,12,2.64
2023,11,13,1.96
2023,11,14,2.5
2023,11,15,2.84
2023,11,16,1.61
2023,11,17,1.7
2023,11,18,1.63
2023,11,19,4.21
2023,11,20,2.76
2023,11,21,1.85
2023,11,22,3.46
2023,11,23,3.73
2023,11,24,3.03
2023,11,25,2.95
2023,11,26,4.27
2023,11,27,4.18
2023,11,28,3.69
2023,11,29,3.52
2023,11,30,3.16
2023,12,1,2.36
2023,12,2,2.02
2023,12,3,3.4
2023,12,4,3.99
2023,12,5,3.82
2023,12,6,2.21
2023,12,7,1.8
2023,12,8,2.59
2023,12,9,2.33
2023,12,10,3.86
2023,12,11,4.49
2023,12,12,4.41
2023,12,13,5.14
2023,12,14,5.04
2023,12,15,3.7
2023,12,16,3.09
2023,12,17,4.7
2023,12,18,7.02
2023,12,19,6.67
2023,12,20,5.34
2023,12,21,5.01
2023,12,22,4.85
2023,12,23,4.83
2023,12,24,4.46
2023,12,25,6.06
2023,12,26,6.34
2023,12,27,6.12
2023,12,28,6.91
2023,12,29,7.3
2023,12,30,6.5
2023,12,31,5.73
2024,1,1,4.08
2024,1,2,4.91
2024,1,3,4.29
2024,1,4,3.33
2024,1,5,2.88
2024,1,6,3.18
2024,1,7,3.02
2024,1,8,3.34
2024,1,9,5.8
2024,1,10,5.45
2024,1,11,6.32
2024,1,12,6.2
2024,1,13,5.02
2024,1,14,5.12
2024,1,15,4.38
2024,1,16,3.91
2024,1,17,3.92
2024,1,18,2.84
2024,1,19,3.78
2024,1,20,4.49
2024,1,21,4.53
2024,1,22,3.95
2024,1,23,4.11
2024,1,24,3.26
2024,1,25,3.12
2024,1,26,4.64
2024,1,27,4.99
2024,1,28,4.3
2024,1,29,4.27
2024,1,30,3.56
2024,1,31,2.62
2024,2,1,2.23
2024,2,2,1.92
2024,2,3,3.02
2024,2,4,3.79
2024,2,5,4.21
2024,2,6,4.91
2024,2,7,3.88
2024,2,8,3.95
2024,2,9,4.7
2024,2,10,5.8
2024,2,11,5.66
2024,2,12,6.09
2024,2,13,4.53
2024,2,14,4.59
2024,2,15,5.09
2024,2,16,5.23
2024,2,17,4.22
2024,2,18,3.79
2024,2,19,4.16
2024,2,20,3.56
2024,2,21,2.73
2024,2,22,3
2024,2,23,2.57
2024,2,24,2.03
2024,2,25,2.7
2024,2,26,5.77
2024,2,27,5.41
2024,2,28,4.33
2024,2,29,4.33
2024,3,1,4.59
2024,3,2,3.17
2024,3,3,2.05
2024,3,4,2.14
2024,3,5,1.99
2024,3,6,2.72
2024,3,7,1.94
2024,3,8,2.05
2024,3,9,1.96
2024,3,10,1.77
2024,3,11,1.73
2024,3,12,2.59
2024,3,13,2
2024,3,14,4.1
2024,3,15,3.55
2024,3,16,2.02
2024,3,17,3.11
2024,3,18,2.52
2024,3,19,2.11
2024,3,20,2.35
2024,3,21,3.66
2024,3,22,2.91
2024,3,23,2.93
2024,3,24,2.48
2024,3,25,2.95
